controller,pkg_controller,pkg_domain,pkg_repository,repository,architecture,pkg_infrastructure,service,repo_name,pkg_service,configuration,pkg_usecase,pkg_application,component,total_java_files
1,1,,,0,clean,,0,29-nov-java-spring-boot-clean-architecture,,1,3,3,0,10
1,1,,,1,clean,,2,3.spring-boot-rest-crud,3,0,,2,1,9
2,,26,2,1,clean,,0,AccountManager,,1,19,2,1,40
2,2,7,4,2,clean,16,0,actuator-cleanArchitecture-spring,4,4,,2,0,26
2,1,1,2,0,clean,9,0,Agenda-Clean-Architecture,,1,14,2,3,30
1,1,,,0,clean,,1,ai-agent-spring-boot-angular,,1,,2,3,8
3,,,16,4,clean,,1,airline-booking,1,5,12,1,0,77
1,2,1,,0,clean,3,0,AlarmService,13,0,,7,4,13
7,8,34,3,0,clean,,15,AngularAndSpring,17,6,18,3,13,96
3,4,16,13,4,clean,,1,AngularAndSpringWithMaps,2,2,3,2,3,41
0,,,,0,clean,,0,APC,,0,,,0,50
1,1,4,4,1,clean,,0,api-alunos-spring-boot-clean-architecture,,0,1,,1,12
2,2,16,6,1,clean,16,0,api-clean-architecture-inventario,3,3,9,5,5,35
1,4,1,2,1,clean,8,0,api-demo-clean-architecture,,1,2,5,0,15
2,11,7,,0,clean,,0,api-spring-boot-clean-architecture,,0,6,1,3,29
5,6,10,,6,clean,,5,appointments-clean,13,1,10,4,3,61
5,4,,7,0,clean,,4,apptly-backend-springboot,12,1,,2,3,60
5,4,3,3,1,clean,,6,archetype-java,5,3,6,10,1,41
1,1,2,2,1,clean,2,2,Architecture-Patterns,2,5,,4,0,11
4,9,3,7,1,clean,,2,archive-clean-architecture-spring-boot,2,2,10,2,1,45
4,2,6,1,0,clean,,1,auth-api,2,3,,2,2,24
7,9,40,13,0,clean,58,2,auth-gateway,15,10,21,41,4,139
1,1,,,0,clean,2,2,aws-email-sender-api,10,2,1,3,1,10
1,1,4,1,0,clean,,1,aws-s3-presigned-url,2,2,2,2,2,11
2,,21,17,3,clean,24,5,Backend-Bank-Accounts,14,6,6,6,2,51
6,5,,3,0,clean,,4,backend-taskmaster,4,2,,2,3,37
1,1,,1,1,clean,,1,BankingApplication,2,0,,9,0,9
4,4,,4,0,clean,,4,Banking_Ops_Springboot,4,0,,18,0,18
1,1,,,0,clean,,0,BankKataJavaSpringCleanArchitecture,,1,4,2,1,11
3,3,,3,3,clean,,4,base-project,6,1,,2,1,37
3,1,11,30,3,clean,30,3,bk-spring-boot-clean-architecture,3,3,4,3,2,44
4,3,10,4,4,clean,,3,Blog-Platform,5,1,,2,0,28
3,4,7,5,1,clean,,0,blog-spring-boot-sample,1,1,,2,1,22
1,1,,1,1,clean,,1,BLOG_APP-BASIC-BACKEND-SPRINGBOOT,2,0,,2,0,7
1,1,11,,0,clean,1,0,blood-bank-demo,,1,3,5,1,20
1,1,2,1,1,clean,,1,Boiler-Java-Clean-Architecture,,0,1,5,0,8
2,1,4,3,1,clean,6,0,boilerplate_java_spring,,1,3,6,0,16
2,3,,1,0,clean,,1,book-management-api,1,0,,1,0,9
1,1,,1,1,clean,,0,Book-Manager-SpringBoot,,0,,2,0,5
5,10,,8,8,clean,,9,book-recommendation-system,18,2,,2,20,113
6,6,,,1,clean,,1,bookstore-api,1,0,,2,0,12
1,1,,1,1,clean,,1,boot-cart,1,0,,2,0,6
4,4,3,4,0,clean,,7,bp-archunit-examples,7,2,4,3,0,32
1,3,2,4,1,clean,,1,btclean-api,,5,7,2,2,25
2,2,,4,4,clean,,1,Buy-Now-Pay-Later-Backend,1,0,,5,0,17
6,5,10,6,2,clean,13,6,CalorieCompass-JavaSpringBoot-Clean-Architecture,9,8,,16,4,53
3,3,,3,0,clean,,3,CampanhaSocioTorcedor,3,0,3,1,0,23
5,4,,4,0,clean,,6,Car-Service-Project,40,2,,2,2,40
0,1,3,2,0,clean,4,1,casbbase,4,2,1,3,0,13
5,7,23,6,0,clean,,26,clArc_Java-todoAPI,16,0,35,16,0,89
4,6,,2,2,clean,,4,clean-arch,8,3,14,4,4,45
1,2,,4,0,clean,,0,clean-architecture,2,2,4,1,0,29
2,7,7,1,3,clean,18,1,clean-architecture-101,,3,9,15,1,40
3,2,4,4,2,clean,,2,Clean-Architecture-and-SOLID-study,,0,4,6,0,20
0,,,,0,clean,,0,clean-architecture-boot,,0,,2,0,2
2,2,32,8,0,clean,,15,clean-architecture-branas-18,8,1,8,37,0,87
1,1,,4,2,clean,,0,clean-architecture-com-maven-e-spring-boot,,0,1,,1,12
0,,,,0,clean,,0,clean-architecture-crud-scaffolding,,0,,2,0,5
8,11,13,25,5,clean,,4,clean-architecture-delivery-example,1,13,62,1,11,148
1,2,2,1,0,clean,8,0,clean-architecture-demo,,0,9,2,1,22
2,7,,8,0,clean,,0,clean-architecture-example,,1,9,13,0,34
5,,,2,0,clean,,0,clean-architecture-example-java-spring-boot,,3,15,13,1,62
2,2,10,8,2,clean,7,2,clean-architecture-example-shop-spring-boot,2,1,2,4,0,27
9,11,51,2,0,clean,,0,clean-architecture-example-spring-boot,,1,8,3,2,95
1,1,1,1,0,clean,,2,clean-architecture-example-spring-rest-api,2,0,1,11,4,22
3,2,9,1,0,clean,,4,clean-architecture-java,3,2,,2,1,20
2,4,7,4,0,clean,,1,clean-architecture-java-example,,3,17,2,4,55
8,9,29,3,1,clean,,1,Clean-Architecture-Microservices,164,17,,71,3,164
1,2,6,2,0,clean,,0,clean-architecture-practice,6,2,2,14,5,38
1,5,2,4,1,clean,,0,clean-architecture-pratice,,0,8,2,5,34
2,2,1,2,1,clean,,1,clean-architecture-project-structure,2,0,1,5,3,26
0,,,,0,clean,,0,clean-architecture-sample,,0,,2,0,2
0,,,,0,clean,,0,clean-architecture-sboot,,0,,2,0,2
1,2,,,0,clean,,1,clean-architecture-services-library,11,0,,2,1,11
2,1,3,3,1,clean,2,5,clean-architecture-spring,,2,10,16,1,29
2,3,3,1,0,clean,,2,clean-architecture-spring-boot,4,0,1,10,2,25
0,,,,0,clean,,0,clean-architecture-spring-boot-app,,0,,2,0,2
2,1,8,3,1,clean,,1,clean-architecture-spring-boot-gradle,,1,,2,0,18
2,2,2,6,2,clean,8,0,Clean-architecture-spring-boot-java-junit-test-project,4,1,,7,2,18
1,1,1,3,1,clean,3,0,clean-architecture-spring-boot-template,,1,6,8,1,18
1,1,4,2,1,clean,2,0,clean-architecture-spring-sample,2,0,,7,0,13
1,1,2,3,2,clean,3,0,Clean-Architecture-SpringBoot,,1,2,2,0,11
2,1,13,3,0,clean,6,1,clean-architecture-template,1,2,2,5,2,30
2,2,3,3,1,clean,,1,clean-architecture-with-spring-boot,,2,7,2,0,22
2,2,,1,1,clean,,1,clean-spring-boot-architecture,1,10,,,4,22
9,5,15,4,0,clean,,5,clean-spring-boot-project,11,2,,2,3,63
1,4,1,2,0,clean,8,0,cleanarc,,1,1,4,0,14
1,5,2,4,1,clean,,0,CleanArch,,5,8,2,8,45
1,2,6,4,0,clean,6,0,cleanarchitecture,,6,4,2,3,29
2,4,,5,2,clean,2,2,CleanArchitecture.Java,3,2,,3,2,26
1,1,2,2,0,clean,3,0,cleanarchitecturedemo,2,1,,8,0,14
3,12,14,,0,clean,,2,cleanArchitectureFQ,12,2,5,2,5,54
3,3,7,9,0,clean,10,1,CleanArchitectureSpringBoot,,0,6,22,0,44
1,1,,1,0,clean,,0,CleanArchitectureWebDemo,,3,,2,0,15
2,4,,,3,clean,,4,CleanArhitectureWithAndroidAndSpringBoot,1,0,5,60,0,69
5,,81,5,5,clean,5,5,cleancards,46,5,,2,0,132
4,3,16,3,3,clean,,9,CleanCommerceJava,3,1,21,26,4,65
1,1,1,2,0,clean,8,0,cleanva,,1,1,5,0,15
8,8,,2,1,clean,49,0,clean_arch-demo-todo_in_spring,,0,108,2,18,120
1,4,1,2,1,clean,8,0,clean_architecture,,1,1,4,0,14
1,1,2,,0,clean,5,3,clean_architecture_spring_boot,1,0,1,5,2,15
1,1,1,2,0,clean,4,0,Clean_Arch_With_Spring,,1,2,6,0,11
1,,,3,0,clean,,0,Clearn-Architecture-Demo,,2,9,1,0,19
3,3,2,6,4,clean,,0,cloud-notes,2,3,2,3,0,31
3,3,,2,0,clean,,1,Cloud-Vendor,4,0,,2,0,16
2,1,,1,1,clean,,0,coffee-order-spring,,1,,2,1,18
5,6,17,14,4,clean,29,4,Commercia-360-API,8,1,5,28,12,75
6,6,,1,0,clean,,6,contact-list-clean-arch,,0,6,2,1,20
3,3,11,8,6,clean,25,6,copilot-demo-spring-taskmanager,11,6,2,20,6,65
1,2,,1,0,clean,,2,country-service-app,9,0,,2,2,9
2,1,15,4,1,clean,6,1,course-clean-arch,1,4,2,5,1,40
3,3,,3,3,clean,,3,course-management-system,6,0,,2,0,20
2,2,5,,0,clean,,1,covid-combat_clean-arch,,0,1,,0,27
2,1,2,3,1,clean,7,5,cqrs-clean-architecture-mapstruct-jpa,,2,,9,2,23
3,3,15,4,0,clean,,9,cqrs-customer,8,2,,11,0,60
0,,8,1,1,clean,36,0,cred-reportes-svc,7,12,6,5,11,49
3,1,,1,0,clean,,1,crud-spring-boot,1,0,,2,0,8
0,,,,0,clean,,0,CRUDCleanArchitecture,,0,,2,0,2
1,,3,7,1,clean,8,0,crudCleanArchitectureImperactive,3,3,2,3,3,14
1,,3,2,1,clean,6,0,crudCleanArchitectureReactive,3,2,2,2,2,11
0,,18,2,0,clean,10,1,curso-clean-architecture-spring-boot,,2,20,27,3,53
3,4,3,2,0,clean,,0,DataParser,,0,,2,0,15
32,25,459,100,12,clean,117,38,ddd-examples,111,31,14,165,80,1686
0,3,21,4,0,clean,,0,ddd-spring-sample,1,1,,10,5,41
1,5,2,2,1,clean,,0,DescomplicandoCleanArchitectureSeptember2024,,6,8,2,7,45
2,2,,,0,clean,1,0,DevSecOps,1,0,1,1,2,15
1,,,4,0,clean,,0,Distributed-SpringBoot-CleanArchitecture,,0,,17,2,21
1,,,4,0,clean,4,0,Distributed-SpringBoot-CleanArchitecture-modules,15,0,,11,2,21
0,,17,,0,clean,,0,domain-driven-design,6,0,,2,0,17
2,5,,1,1,clean,,1,dscatalog,3,1,,2,2,16
1,1,,,0,clean,,1,DynamicPDFGenerator,2,3,,1,2,10
1,1,,,1,clean,,1,E-Com-Project-Backend-using-SpringBoot,1,0,,2,0,6
18,25,90,46,25,clean,52,47,E-commerce,27,12,92,3,11,427
11,11,,5,0,clean,,6,E-Commerce-Platform,94,4,,12,0,94
0,,,,0,clean,,0,ecom-springboot,,0,,2,0,2
3,2,26,8,3,clean,3,0,ecommerce,10,2,7,8,8,47
4,3,,3,0,clean,,5,ecommerce-backend,8,2,,2,1,36
2,2,,1,0,clean,,1,ecommerce-java-spring,3,0,,2,0,18
2,1,2,3,1,clean,7,5,ecommerce-simple-spring,,1,5,6,2,22
5,4,,4,4,clean,,5,ECommerceAPI,10,3,,2,3,51
4,4,,3,3,clean,,4,ECommerceAPI-SpringBoot,4,1,,2,2,19
2,2,4,5,1,clean,15,4,eleve-challenge-exchange,4,2,4,12,2,36
1,1,,,0,clean,,2,email-microservice-spring-boot,11,2,1,3,0,11
1,1,,,0,clean,,2,email-service-AWS,10,1,1,3,1,10
1,1,,1,0,clean,,1,Employee-Management-Backend,2,0,,2,0,10
1,1,,1,0,clean,,1,Employee-Management-System-Spring-Boot-Rest-API,2,0,,2,0,10
1,1,,1,0,clean,,1,Employee-Management-System-with-Spring-Boot,2,0,,2,0,10
4,2,,2,1,clean,,4,employee-payroll-app,6,1,,1,2,25
2,3,,,1,clean,,2,employee-state-machine,3,1,,2,5,43
2,1,,1,1,clean,,1,EmployeeManagement,2,1,,2,0,12
4,4,,1,0,clean,,1,EmployeeManagementApplication,3,1,,14,0,14
1,1,,1,0,clean,,3,Energy-Monitoring-System,2,1,,3,0,10
2,,14,8,2,clean,,0,entregaCleanArchitecture,,1,3,3,0,25
5,5,7,12,0,clean,,0,estudo-gerenciador-usuario,,4,12,18,5,58
2,1,,2,0,clean,,1,event-api,,1,9,2,3,27
2,2,,2,0,clean,,0,event-api-clean-architecture,,1,7,2,1,24
3,2,,2,0,clean,,3,expense-tracker,3,1,,2,1,23
3,3,,2,2,clean,,1,expense-tracker-api,1,0,,2,0,13
14,9,,5,5,clean,,10,expensetracker,20,12,,12,9,149
3,3,,2,2,clean,,3,ExpenseTracker-API-Java,6,0,,2,0,19
3,25,2,9,0,clean,,0,facilities-helper,,1,14,2,22,67
3,2,5,2,2,clean,,2,Facilities-Management-JavaSpringBoot-BackEnd,2,1,2,2,0,14
0,,18,,0,clean,2,0,fc3-catalog-admin,,0,5,5,0,25
2,1,,,0,clean,,2,File-Similarity-Analyzer,4,2,,3,1,14
0,,10,1,3,clean,35,2,fluxifyuserverse,3,14,4,3,5,48
3,1,23,3,2,clean,,1,food-delivery-system,15,3,,11,4,38
3,2,,1,1,clean,,3,Food-Delivery-System-Springboot,3,1,,2,0,16
0,,50,3,0,clean,,3,food-order-system,40,0,,21,4,54
0,,21,,0,clean,,0,Food-Ordering-Backend-System,10,0,,1,1,23
5,2,148,37,12,clean,26,7,food-ordering-system,211,21,,85,65,258
3,1,58,3,0,clean,16,1,food-system-example-ms,31,1,,8,8,82
5,4,,6,6,clean,,6,Football_Stats_API_v2,6,1,,1,0,51
7,6,,6,0,clean,,5,forum-rest-api,27,1,,2,19,91
4,6,16,10,3,clean,20,3,franchise-management-api,6,3,3,11,4,47
1,,17,12,6,clean,36,0,franchises-proyect,4,8,7,4,4,57
17,17,,3,0,clean,,18,fullstack-projects,79,2,,,1,79
8,8,,7,0,clean,,7,FullStackBlogApp,7,2,,2,2,40
2,2,,2,0,clean,,2,game-list-api,2,1,,2,0,18
2,1,,2,2,clean,,1,gerenciador-de-pessoas,1,0,,2,0,17
3,5,1,10,2,clean,,1,github-database-api,,6,17,1,4,75
3,3,,6,4,clean,,3,Good-Reads-Advanced,3,0,,2,0,17
1,2,,1,0,clean,,0,graph-ql-fundamentals,,0,,1,1,12
1,1,,1,1,clean,,1,graphql-crud-surge,1,0,,2,0,7
2,2,4,4,2,clean,,0,habitTracker,,1,5,2,4,25
7,6,16,5,5,clean,,7,HBookStore,12,4,,2,7,69
1,2,3,4,0,clean,6,1,hex-spring-modular,2,0,,2,2,15
1,2,11,2,0,clean,,4,hexagon-transmon,4,2,2,4,5,43
1,1,4,1,1,clean,,1,hexagonal-architecture,1,1,1,6,1,16
1,1,6,1,1,clean,3,0,hexagonal-architecture-clean-arch,,1,2,2,2,14
1,1,1,3,1,clean,,1,hexagonal-architecture-clientes-api,1,0,4,8,0,13
2,3,7,4,1,clean,13,1,hexagonal-architecture-demo,3,0,1,11,4,31
2,1,1,1,2,clean,,1,hexagonal-architecture-pizza,14,0,,5,0,14
4,3,1,6,3,clean,,5,Hibernate-M1,10,4,28,31,38,130
4,4,24,12,4,clean,14,2,homeowners-association-demo,4,4,19,38,4,99
13,12,,12,11,clean,,13,hospital-management-app,24,2,,3,1,134
3,6,,3,3,clean,,3,Hotel-Management-System-Spring-Boot,9,0,,1,0,26
1,1,,1,1,clean,7,3,house-of-chaos-main,3,2,,2,2,24
11,10,,9,9,clean,,17,hr-management-system,48,2,,2,5,183
1,1,2,2,1,clean,,1,hrm,8,1,,3,0,8
1,1,,1,1,clean,,0,huongdanjava-clean-architecture-spring-boot-archetype,,1,3,1,0,12
0,,4,5,0,clean,,0,IntegradorMascotas,,0,19,2,0,32
4,8,42,8,5,clean,17,24,IS2,8,3,17,47,3,118
2,3,5,3,1,clean,9,1,java-boot-template,1,2,2,1,5,29
2,7,3,3,0,clean,,0,java-clean,19,1,2,2,2,19
1,1,4,3,0,clean,,0,java-clean-arch,,1,5,11,0,21
4,7,,1,1,clean,,0,java-clean-arch-example,,3,10,10,2,34
1,1,11,2,0,clean,,1,java-clean-architecture,,0,3,2,1,22
3,,15,13,3,clean,,0,java-clean-architecture-example,2,2,7,4,0,33
1,1,,1,0,clean,,1,Java-human-resources-app,2,0,,2,0,8
5,14,4,6,3,clean,39,0,java-service-template-clean-architecture,77,13,,2,11,77
1,1,4,1,0,clean,,2,java-spring-boot,3,1,,14,2,20
1,,4,9,0,clean,9,1,java-spring-clean-ddd-template,4,5,4,10,4,49
0,,1,1,0,clean,,0,java-spring-simple-blog,,0,,2,0,4
1,2,3,1,0,clean,,0,java-spring3-microservice,17,1,1,5,1,17
1,2,3,1,0,clean,,0,java-spring3-microservice-mongo,17,1,1,5,1,17
0,,,,0,clean,,0,java-springboot-clean-arch,,0,,2,0,2
3,7,2,,0,clean,,0,java-springboot-reactive-hexagonal-monomodule-template,18,2,,2,0,18
0,,,,0,clean,,0,java10x,,0,,,0,10
1,2,5,2,2,clean,,0,javaspring-clean-architect,1,2,7,2,0,59
4,4,,3,2,clean,,3,Java_Full_Stack_Project,3,2,,3,2,30
8,10,,9,0,clean,,2,JC-Student-API-Legacy,11,1,,2,1,47
6,6,,2,0,clean,,6,Job-App-Microservices,40,0,,23,0,40
3,3,,3,0,clean,,3,Job-Application-Management-System,6,0,,18,0,18
6,7,13,4,0,clean,15,11,job-management,,2,10,13,2,44
1,1,,3,0,clean,,0,job-portal-spring-boot-mongo,,0,,2,1,7
2,2,4,2,0,clean,,2,JobApp-clean-architecture,,0,2,4,0,13
7,6,,5,0,clean,,8,journal-spring-boot,13,5,,2,5,44
5,5,,5,0,clean,,7,journalApp,13,3,,2,4,39
0,,15,4,2,clean,8,0,judo-pills-backend,2,3,10,2,4,25
1,1,3,1,1,clean,,2,KafkaCleanArchitecture,3,0,1,2,0,12
0,,,,0,clean,,0,lab-java-clean-architecture-spring-boot-kafka,,0,,2,0,2
1,3,,2,1,clean,,1,layered-architecture-template,3,1,,2,0,17
4,6,,3,3,clean,,3,library-management-spring-boot,6,1,,2,1,26
4,3,,3,0,clean,,3,library-management-system,7,0,,1,0,25
1,3,6,2,0,clean,,1,libro,,3,2,1,5,26
1,2,16,1,1,clean,,7,limitchecker-spring-boot,17,0,6,23,5,45
2,2,5,2,0,clean,,2,limpiar,1,1,,20,5,28
1,2,1,,0,clean,,1,localgov-backend,1,1,,2,1,20
3,2,6,1,1,clean,6,4,login-spring-security,6,2,,2,1,25
7,11,70,10,5,clean,25,1,LottoApplication,2,13,,103,4,103
2,2,,1,0,clean,,1,Love-Letter-Application-Backend,2,0,,8,0,8
14,12,,32,12,clean,,33,macbus-backoffice-spring-boot,59,11,43,1,6,303
7,11,,5,5,clean,,5,Many2Many_Spring,10,1,,1,2,49
0,,,,0,clean,,0,maven-archetype-hexagonal,,0,,2,0,2
2,2,,1,1,clean,,1,media-nest-backend,1,1,,2,0,8
2,1,,1,1,clean,,2,MediTrack,17,0,,4,0,17
1,1,3,1,0,clean,1,1,menu-system,,1,2,5,0,11
3,6,,1,1,clean,,3,microcredit-platform,27,1,,3,2,29
5,2,60,12,6,clean,26,5,Microservice-Artchitecture,128,15,,43,28,128
0,,18,9,3,clean,29,0,microservice-franchises-java-springboot,51,6,4,4,9,51
1,1,1,4,0,clean,,0,MicroserviceJavaClean,14,1,6,,4,14
12,12,6,10,6,clean,,12,Microservices,177,14,,6,27,177
5,2,129,35,11,clean,29,5,microservices-design-pattern,240,21,,78,62,240
5,6,,3,3,clean,,2,microservices-project,33,1,,6,2,33
6,6,12,7,5,clean,14,6,microservices-springboot,68,3,,34,2,68
1,1,,2,2,clean,,2,miniblog-springboot-thymeleaf,4,1,,1,0,11
1,2,,1,1,clean,,1,modern-mvc-spring-boot,2,0,,2,0,11
3,2,,2,0,clean,,2,monstershop-api,2,1,,2,0,19
3,3,6,9,3,clean,10,0,movie-rent-clean-arch,6,1,3,9,0,31
5,6,45,19,6,clean,,11,MovieManager,10,4,13,3,5,99
5,5,42,19,6,clean,,11,Movie_Manager,9,3,12,2,4,92
2,2,1,1,0,clean,3,1,mspt-microservice-demo,25,9,,4,0,25
2,1,8,,0,clean,36,3,musicweather-api-clean-architecture,2,7,4,14,0,56
11,10,,12,0,clean,,11,MyStore,23,3,,2,9,119
0,32,48,30,3,clean,85,16,nequi_techlead_technical_test_ms,15,8,26,4,10,137
3,9,36,7,2,clean,21,5,next-spring-notes,,3,,10,1,69
7,7,,5,1,clean,,4,notesapp-backend,4,3,,2,3,34
4,6,,3,3,clean,,3,One2one-Entity-Rest,6,0,,1,1,25
0,,,,0,clean,,0,OpenBootcampBackendRoad,,0,,4,0,102
0,,18,,0,clean,,0,order-processing-system,,0,,,0,18
0,,2,,0,clean,,0,order-service,6,0,,2,0,6
3,1,114,22,6,clean,20,5,ordering-system,149,17,,55,45,191
30,29,204,25,0,clean,43,54,panis-boot,51,8,,1,10,433
4,3,,3,3,clean,,3,Patent-Manager-Spring-Boot-Application,3,1,,28,0,28
2,2,,2,0,clean,,2,Patient-Appointment-Management-System,2,0,,2,0,14
3,2,3,3,3,clean,,4,payment-api,5,2,,1,2,29
1,1,7,,0,clean,3,4,pedido-assincrono,17,3,,5,2,17
9,9,28,8,0,clean,29,11,pet-care-api,18,4,,39,8,95
3,2,6,3,2,clean,,3,petshop-application,4,1,,22,0,22
2,1,25,7,0,clean,9,9,petshop-scheduler-chatbot,15,0,19,37,1,88
3,4,,9,0,clean,,4,picpay-challenge,4,3,4,2,0,44
3,2,2,4,2,clean,,0,picpay-simplified-challenge,4,1,14,2,4,48
3,2,,3,0,clean,,2,Pismo_Capstone_Project,4,0,,2,0,23
4,5,,3,0,clean,,3,Pismo_Transaction_Service,31,1,,2,0,31
1,2,26,11,0,clean,22,0,planetae-timetracker,4,1,34,67,0,114
5,69,67,37,4,clean,,16,planogram-nomenclature,,2,49,,0,211
2,2,,4,1,clean,13,0,PlateLocationFinder,1,1,6,2,0,21
3,3,141,2,0,clean,28,2,poc-clean-architecture,,4,25,37,1,206
2,2,16,2,0,clean,,3,poc-clean-architecture-spring,3,0,14,2,3,34
2,2,2,3,1,clean,3,0,practica_uno_clean_architecture,1,2,5,8,0,18
2,8,4,9,0,clean,,2,price-manager,3,2,2,9,2,26
2,9,2,8,0,clean,,2,price-manager-web-back,3,2,2,8,2,24
1,1,6,6,4,clean,15,7,process-orders,6,6,,8,3,30
1,1,,1,0,clean,,1,product-api,2,0,,2,0,7
2,2,7,2,1,clean,3,1,product-management-backend,3,2,,5,2,26
2,7,15,12,0,clean,,2,product-manager,10,3,2,20,3,39
1,1,,1,0,clean,,1,ProductCategory,2,0,,2,0,8
4,3,,3,3,clean,,3,ProductList-using-springboot,3,1,,2,2,28
1,1,,,0,clean,,0,products-api,,0,,2,0,3
4,4,29,3,0,clean,43,0,project-spring-boot,,5,47,62,4,134
2,2,,3,0,clean,,2,project_management_springboot,2,0,,2,0,14
4,3,,5,1,clean,,8,Projeto-Estacionamento,14,4,,3,5,72
2,1,6,1,0,clean,,0,quasar-fire-operation,,1,3,2,4,24
1,1,,1,1,clean,,2,Reactive-Programming-Spring-Boot-Backend,4,1,,2,0,14
7,5,,3,0,clean,,6,ReadingIsGood,7,2,,3,4,55
21,22,23,21,0,clean,,72,real-hope-code-generation,62,1,113,112,4,215
0,,,,0,clean,,0,reboot,,0,,2,0,2
2,2,,4,1,clean,,1,record-shop-api-v2,3,2,,2,0,22
4,3,,3,2,clean,,4,rent-read-library-app,7,1,,2,2,35
2,2,,8,0,clean,,4,repsy-server,5,0,,1,0,11
1,1,5,3,2,clean,6,0,restaurant-management-system,,0,1,6,1,19
3,1,107,24,8,clean,20,8,restaurant-microservice,188,17,,48,43,188
3,1,30,6,3,clean,18,1,restaurant-ordering-system,33,8,,16,9,69
5,11,6,13,0,clean,,0,RestaurantManagement,,5,11,2,0,97
1,1,,,0,clean,,1,RestGen-Ai,1,0,,2,0,5
3,3,,3,0,clean,,0,saas,3,1,,2,2,23
2,2,5,2,0,clean,2,2,Safe-Card-Application,2,1,,15,0,15
3,3,,,3,clean,,2,sales-clean-architecture,,0,,2,8,54
6,8,19,,4,clean,,11,sales-system-api,12,2,6,12,4,55
3,2,6,5,1,clean,,0,sboot-clean-arch-example,4,1,,7,0,19
2,1,5,2,2,clean,6,1,scaffolding-java-spring-boot,2,2,2,6,0,19
2,2,,2,2,clean,,5,Scheduler-Telegram-Bot,5,1,,2,26,54
6,6,1,2,0,clean,10,1,sda_clean_example,1,1,7,2,1,30
3,3,3,3,1,clean,,3,secure-auth-api,1,2,2,4,1,20
3,1,35,21,2,clean,42,1,secure-login-clean-architecture,10,8,22,5,7,82
1,1,,,1,clean,,1,Secure-User-Login-Registration-Spring-Boot-JSP-,1,0,,2,0,6
1,1,3,1,0,clean,,0,Send-Message-Kafka,2,1,2,9,4,30
1,1,,,0,clean,,3,SendMailer,2,1,,3,0,11
5,5,,9,4,clean,,3,Shipping-System,6,0,,2,2,44
3,4,28,5,1,clean,7,3,shop-microservice-spring-boot,46,0,10,2,1,46
6,6,,8,8,clean,,7,ShopEase,17,4,,2,4,84
9,18,,11,10,clean,,8,ShringShop,16,2,,1,2,120
3,3,,3,0,clean,,3,simple-todo-app,3,0,,2,3,17
3,3,7,4,0,clean,41,12,simplepay-clean-architecture,12,2,25,25,4,97
2,2,4,3,1,clean,,2,simplified-authenticator-spring,2,1,3,8,5,27
5,5,25,5,0,clean,,5,Simulacion_parque_salitre_magico,10,0,,17,5,47
0,3,5,,0,clean,,0,single-cards,,0,,2,5,33
4,,6,4,4,clean,,4,Sistema_HelpDesk_API_Backend,6,2,,2,0,30
15,15,,11,5,clean,,12,SocialMediaPlatform-SpringBoot,23,2,,2,4,78
3,3,,6,2,clean,,0,socialnetwork-coding-dojo,4,1,5,2,0,29
3,4,3,4,1,clean,22,5,solid-cqrs-clean-architecture,,2,10,16,2,41
4,6,18,4,3,clean,,3,sp-clean-architecture,2,4,5,2,4,45
2,2,4,3,0,clean,,9,sp-clean-architecture-todos,,0,14,2,0,40
2,5,1,2,0,clean,9,0,spring-auth-module,2,3,4,7,1,29
1,1,,1,1,clean,,0,Spring-Boot-Application-REST-API,,0,,7,0,7
2,1,13,3,1,clean,,0,spring-boot-base-template,4,2,,7,0,23
0,,1,1,0,clean,,0,spring-boot-clean-arch,,0,,4,0,6
1,4,1,2,0,clean,,0,spring-boot-clean-arch-app,,1,1,4,0,14
29,27,7,10,0,clean,84,26,spring-boot-clean-architecture,8,2,36,4,30,216
1,1,8,1,1,clean,7,0,spring-boot-clean-architecture-,1,1,1,6,2,21
6,5,,2,2,clean,23,5,spring-boot-clean-architecture-auth,,0,8,2,5,40
6,6,18,1,0,clean,6,0,Spring-Boot-Clean-Architecture-Boilerplate,,2,13,2,0,51
2,6,4,3,1,clean,8,2,spring-boot-clean-architecture-demo,,0,,1,0,17
0,,24,,0,clean,,1,spring-boot-clean-architecture-kafka-domain-driven-desing,10,0,,10,4,24
1,1,1,1,0,clean,,0,spring-boot-clean-architecture-main,1,0,1,7,4,17
2,2,4,1,1,clean,,0,Spring-Boot-Clean-Architecture-master,,0,,18,5,28
8,11,13,25,5,clean,,4,Spring-Boot-Clean-Architecture-POC,1,13,62,1,11,148
1,1,19,6,2,clean,,1,spring-boot-clean-architecture-sample,32,1,,13,4,32
2,2,3,1,1,clean,15,3,spring-boot-clean-architecture-template,3,4,2,11,5,40
2,3,2,1,0,clean,,0,spring-boot-clean-architecture-test,2,3,1,7,4,23
1,1,,1,0,clean,,0,Spring-Boot-Clean-Structure,,0,,2,1,8
1,4,1,2,0,clean,,0,spring-boot-cleanarch,,0,1,5,0,14
0,,,,0,clean,,0,spring-boot-cleanarch-client-cli,,0,,2,0,6
4,3,,2,1,clean,,4,spring-boot-crud,5,0,,6,0,19
1,1,,1,0,clean,,0,spring-boot-crud-api,,0,,1,0,4
13,10,,4,3,clean,,11,Spring-Boot-Cruds,17,2,,31,0,82
4,7,,2,0,clean,,5,spring-boot-demo,43,2,,1,7,61
8,8,,6,0,clean,,3,spring-boot-ecommerce-api,4,3,,2,2,52
4,5,22,3,0,clean,,2,spring-boot-example,7,3,,2,9,73
0,,,,0,clean,,0,spring-boot-hateoas,,0,,2,0,2
0,,,,0,clean,,0,spring-boot-hexagon-arch,,0,,2,0,2
4,6,7,8,4,clean,,0,spring-boot-jpa-api-rest-clean-architecture,14,4,10,37,1,72
4,4,,,4,clean,,4,spring-boot-jpa-relation-crud-api,4,0,,2,0,18
1,2,,2,2,clean,,2,spring-boot-jwt-rest-api-clean-architecture,1,2,,8,2,27
0,,,2,2,clean,,0,Spring-boot-MapStruct-Lombok,,1,,2,0,11
3,1,38,6,3,clean,20,2,Spring-Boot-Microservices,80,11,,24,15,80
1,1,,1,0,clean,,1,spring-boot-patient-app,2,0,,2,0,7
1,3,,,0,clean,,0,Spring-boot-projects,,1,,35,4,36
2,2,,,2,clean,,2,spring-boot-QuizzApp,2,0,,2,0,12
1,1,4,1,0,clean,,1,spring-boot-rest,3,0,4,2,1,16
1,1,,,1,clean,,1,Spring-boot-restFulAPI-Employee-FULL-CRUD-,2,0,,2,0,8
2,2,,1,0,clean,,0,spring-boot-sample,,2,3,3,2,24
2,2,,2,0,clean,,2,spring-boot-security-iii,2,0,,2,0,10
1,1,,1,0,clean,,1,spring-boot-software-engineers,1,0,,2,0,6
1,1,,1,1,clean,,1,spring-boot-student-api,1,0,,2,0,6
1,1,7,,0,clean,,0,Spring-Boot-template,2,2,,9,0,27
2,1,6,,0,clean,3,2,spring-boot-template-clean-architecture,2,5,2,10,2,28
2,1,,1,1,clean,,1,spring-boot-todo-app-postgresql,2,0,,2,1,12
2,1,,1,0,clean,,2,spring-boot-url-shortener,3,3,,3,0,18
0,,,2,1,clean,,1,spring-boot-user-demo,3,0,,1,0,7
0,,,,1,clean,,1,spring-boot-user-demo-project,3,0,,1,0,7
0,,18,1,0,clean,10,0,spring-boot-with-clean-architecture,,2,20,26,4,54
6,9,,2,0,clean,,0,spring-challenge-api,,2,18,2,5,65
2,1,13,3,0,clean,,1,spring-chat,2,1,,4,0,31
1,1,,1,1,clean,,1,spring-clean-api,1,0,,2,0,6
1,1,13,5,0,clean,,0,spring-clean-arch-poc,2,0,18,21,7,38
2,1,50,2,2,clean,,1,spring-clean-arch-template,1,0,7,2,3,75
1,1,1,2,0,clean,8,0,spring-clean-architecture,,1,2,5,0,15
1,1,,1,1,clean,7,3,spring-clean-architecture-example,,0,,2,0,16
1,1,,1,0,clean,,1,spring-clean-tech-api,2,0,,2,0,7
0,,,,0,clean,,0,spring-commander,,0,,,1,7
9,8,,8,8,clean,,8,spring-commerce,15,1,,2,4,68
5,4,13,17,2,clean,18,9,spring-ewallet,9,2,9,35,9,97
3,1,33,6,3,clean,19,1,spring-food-ordering-system,50,11,,19,10,74
1,5,2,4,1,clean,,0,spring-kafka,,6,8,2,7,45
7,10,,4,4,clean,,9,spring-library-solid,28,6,,1,15,91
2,2,,1,0,clean,,1,spring-product-demo,2,0,,2,0,13
4,,2,5,0,clean,,0,Spring-Quarkus-Clean-Architecture,11,1,,15,0,39
1,,8,4,2,clean,5,1,spring-reactive-boilerplate,,0,3,2,0,18
1,1,,,0,clean,,1,spring-security-demo,1,1,,2,0,8
2,,,2,1,clean,,2,Spring-Simple-Clean-Architecture,4,1,,2,0,15
11,10,9,3,1,clean,,6,spring-study,5,4,4,22,8,77
2,7,1,4,0,clean,,0,spring-tdd-clean-example,,1,5,1,1,21
3,4,5,6,2,clean,9,5,spring-todo,10,1,,3,1,30
0,,,,0,clean,,0,spring-users-clean-api,,0,,2,0,2
2,1,,,1,clean,,2,spring6,1,5,,1,2,20
5,2,20,1,0,clean,15,1,SpringBoot-Angular-cleanArchitecture,2,2,2,2,4,55
2,2,,1,1,clean,,1,SpringBoot-API-Exception-Handler,2,0,,2,2,18
5,5,2,,0,clean,,2,springboot-api-validations,4,0,2,7,1,24
2,2,,2,2,clean,,1,springboot-app-auth,2,1,,2,2,23
7,6,,,0,clean,,8,springboot-blog-api,14,1,,2,8,62
5,13,,4,0,clean,,4,SpringBoot-BookApp,5,1,,2,7,53
10,9,,9,9,clean,,9,springboot-church-api,18,1,,2,0,97
1,5,2,4,1,clean,,0,SpringBoot-Clean-Architecture,,6,8,2,7,45
3,3,33,2,0,clean,26,0,springboot-clean-architecture-boilerplate,,4,24,31,2,83
4,4,7,3,3,clean,,1,SpringBoot-Clean-Architecture-JWT-Security,2,1,,16,6,42
5,5,,5,0,clean,,1,springboot-clean-architecture-template,1,2,,2,0,20
4,15,17,6,0,clean,18,6,springboot-cleanarch-template,3,1,3,5,6,55
2,2,4,4,2,clean,7,1,SpringBoot-CleanArchitecture-CRUD-JPA-SqlServer,3,2,2,5,0,15
2,4,4,4,2,clean,,2,springboot-core-rest-api,4,1,,2,2,23
1,1,3,1,1,clean,1,1,springboot-crud,2,0,,3,0,12
1,1,,1,0,clean,,1,Springboot-crud-dto-architecture,2,1,,2,0,10
2,2,,,0,clean,,2,springboot-customer-api,2,0,,2,0,14
2,2,,2,2,clean,,2,springboot-delivery-optimization,2,0,,18,1,18
0,,,,0,clean,,0,springboot-demo,,0,,2,0,2
7,6,,10,5,clean,,8,Springboot-ecommerce-api,15,2,,2,4,70
2,1,,1,0,clean,,1,springboot-exception-handling-api,2,0,,2,0,10
0,,,5,0,clean,,2,springboot-jpa-hospital-app,2,0,,2,0,17
20,19,,,10,clean,,16,SpringBoot-Projects,38,2,,30,0,111
1,1,,1,0,clean,,1,springboot-rest-api,2,0,,2,0,12
2,2,,2,2,clean,,1,Springboot-REST-API-Template,1,1,,2,1,19
2,1,,,1,clean,,1,springboot-rest-crud-employee,2,0,,2,0,11
6,5,,2,0,clean,,0,springBoot-RESTApi-cleanArchitecture,22,1,,2,1,22
1,1,,1,1,clean,,1,springboot-shoppingmall,1,0,,1,0,5
2,2,2,1,0,clean,,1,SpringBootAPIDDD,1,0,,5,1,16
1,5,2,4,1,clean,,0,SpringBootCleanArchitecture,,6,8,2,7,45
3,1,,2,1,clean,,1,springbootcrud,3,1,,,0,9
0,,,,0,clean,,0,SpringBootCurdOperaions,,0,,,0,6
1,1,,1,1,clean,,1,SpringBootDemoProject,1,0,,2,1,6
3,1,53,9,3,clean,18,3,SpringBootMicroservicesUdemy,100,10,,26,17,100
1,1,,1,0,clean,,1,springbootproject,1,0,,2,0,6
5,4,,3,3,clean,,5,SpringBootTodoList,9,3,,2,4,45
3,2,1,5,1,clean,,4,SpringBoot_Base,6,3,4,17,18,62
3,5,,3,1,clean,,4,SpringBoot_CleanArchitecture,,1,5,2,0,27
4,6,3,6,2,clean,30,3,SpringBoot_Hexagonal_Architecture,4,5,,10,1,43
2,1,,1,0,clean,,1,Springboot_REST_API_Project01,2,0,,2,0,10
2,1,4,6,2,clean,4,1,SpringCleanArch,1,0,,3,0,16
9,9,9,10,0,clean,16,8,SpringCleanArchitectureCQRS,17,4,33,106,58,155
3,3,,2,0,clean,,4,SpringContacts,4,1,,2,1,21
3,1,37,8,4,clean,26,2,SpringMicroservice-outbox-kafka-saga-pattern,91,12,,24,17,91
3,2,3,4,1,clean,4,3,SpringMicroservicesCleanArchitecture,27,1,,7,0,27
2,1,,1,1,clean,,1,spring_api_rest,1,1,,2,0,12
1,1,,1,0,clean,,1,Spring_Boot-Project,1,0,,2,0,6
4,8,12,10,3,clean,,2,Spring_Boot_API-Clean_Architecture-JPA-Spring_Security-PostgreSQL,49,2,6,2,5,49
1,1,,2,1,clean,,1,Spring_Boot_CourseRegister,1,0,,,0,6
0,1,,,0,clean,,0,spring_boot_scraper,3,4,,1,6,21
1,1,28,4,7,clean,,2,spring_todo_clean_architecture,5,1,4,6,4,35
2,2,,2,0,clean,,4,Stockify-App,4,1,,2,3,23
3,3,,3,3,clean,,3,Student-Course-Management_BanqueMisr,3,0,,2,0,17
2,1,,1,1,clean,,1,student-crud-springboot,1,0,,2,2,22
7,7,,9,0,clean,,0,student-management-backend,,2,,2,1,38
2,1,,2,2,clean,,1,StudentCourseManagementSystemApp,2,0,,2,0,12
4,5,11,3,0,clean,26,13,sus-scheduler,,1,27,32,3,71
3,3,9,5,5,clean,,0,system-permission-clean-architecture,,1,38,2,1,86
3,2,,2,2,clean,,3,task-hub-app,3,2,,1,2,23
4,3,,2,0,clean,,4,task-management-api-java,4,1,,1,1,21
1,1,,1,0,clean,,0,Task-Management-REST-API-,,0,,2,0,5
1,1,,1,1,clean,,2,task-manager-api,2,1,,2,2,15
3,4,4,3,2,clean,,2,Task-Wizard,5,6,,1,2,38
2,2,,,0,clean,,2,taskmanager-springboot,2,0,,2,0,12
2,2,4,1,0,clean,5,0,template,1,4,,23,9,36
0,,1,,0,clean,,0,template-java-spring-clean-hexagonal-architecture,,0,,2,0,3
2,1,13,2,1,clean,,3,template-project,2,1,,1,2,32
1,3,2,3,2,clean,6,1,template_spring_hexagonal_architecture,2,0,2,6,0,15
2,2,8,3,1,clean,,1,think-clean-architecture,1,7,6,21,1,29
10,10,129,12,9,clean,139,1,tickets-api,20,12,67,132,24,398
1,1,,3,0,clean,,0,todo-app,,0,,2,1,17
4,3,17,6,2,clean,,0,todo-list-arquitetura-limpa,,4,21,15,0,61
0,,,,0,clean,,0,todobackend-java-spring-clean-architecture,,0,,2,0,2
4,7,,,0,clean,,2,todolist,7,1,,2,0,26
3,2,,1,1,clean,,1,ToDoList---Java_SpringBoot,1,0,,2,0,7
2,3,3,,2,clean,,1,todos-ddd-java-example,18,0,2,3,0,19
1,1,,2,0,clean,,0,todo_java_spring_mysql,17,2,,2,15,43
4,3,18,7,7,clean,9,4,TomaziScreen_ServicoStreaming,10,2,,10,4,45
2,2,5,6,2,clean,,0,transferencia-app-clean-architecture,2,1,2,2,2,31
1,1,,3,1,clean,6,0,url-shortener,,1,7,2,0,21
1,1,,1,1,clean,,1,URLShortener-SpringBoot,1,0,,2,0,6
1,1,,1,0,clean,,1,user-management-springboot,2,1,,2,0,8
3,3,2,6,2,clean,9,2,User-Role-Management,3,1,,6,2,18
2,6,2,6,2,clean,12,0,UserManagementSys,4,1,,8,2,23
3,2,12,4,1,clean,15,6,users-crud-clean-arch,7,3,10,18,1,48
1,1,3,,0,clean,,1,validationBrackets,,0,1,1,0,7
2,2,11,4,1,clean,1,0,vehicles-service,31,3,,4,1,31
10,9,,9,6,clean,,8,Vendora-APIs,15,3,,2,0,49
10,19,70,10,3,clean,,0,Waber,6,35,18,7,26,236
1,1,,,0,clean,,3,weather-stats-static,5,0,,2,0,8
2,2,,,0,clean,,2,weather_project,2,0,,2,0,8
3,,2,2,2,clean,,2,workshop-springboot3-mongodb,3,1,,2,0,18
7,5,,5,5,clean,,6,WriteCue-BlogWebsite,7,1,,2,0,48
0,,,,0,clean,,0,ZapTrolley,,0,,2,0,5
0,,1,,0,clean,11,1,zk-clean,,1,4,1,0,22
1,1,,,1,layered,,1,13.SpringBootProject5,2,0,,2,1,9
3,3,,,0,layered,,0,3-Layer-and-Spring-Example,46,0,,,2,50
1,1,,,1,layered,,2,3.spring-boot-rest-crud,3,0,,2,1,9
8,11,,17,5,layered,,9,accommodation-booking-service,101,2,,101,8,101
2,2,,1,0,layered,,1,Actor-Api-SpringBoot-MiniProject,2,0,,2,0,11
2,2,,2,1,layered,,1,amitupadhyay7-order-invoice-api,2,0,,2,0,13
1,1,,1,0,layered,,0,api-crud-user,,0,,2,0,5
2,2,,,0,layered,,2,Applying-Layered-Architectural-Pattern-to-REST-API-with-Spring-Boot,2,0,,2,0,15
9,9,13,13,5,layered,,9,AppMonopatines,142,4,,11,13,155
0,,,,0,layered,,0,Arabic-Text-Editor-using-design-patterns,,0,,,0,47
1,1,,,0,layered,,1,archive-library-poc,2,0,,2,0,5
2,2,,2,2,layered,,2,arsitektur-berbasis-layanan-project1-2025,2,0,,2,0,10
2,1,,1,0,layered,,1,Artemis-Demo,1,2,,2,4,18
4,4,,3,0,layered,,3,Astronomy-Daily-Prediction-,4,4,,1,1,25
6,5,,5,5,layered,,5,Attendance-Management-Application,10,0,,31,0,31
3,3,,3,0,layered,,2,auth-facade,5,2,,2,5,24
4,6,20,4,4,layered,,11,auth_layer_architecture_springboot,17,2,,17,14,83
2,1,,3,2,layered,,1,Backend_Traini8_Shreya,2,1,,2,0,17
4,5,3,2,2,layered,,4,banco-digital,8,1,,2,0,30
0,1,,1,1,layered,,1,Bank-App-Layered,1,0,,1,1,6
10,9,,7,0,layered,,7,Bank-Management-System,13,3,,1,1,62
2,1,,2,0,layered,,1,Banking-App,2,0,,2,0,16
1,1,,,1,layered,,0,Banking-Application,1,0,,10,4,10
4,4,,2,2,layered,,6,Banking-Application-Software,6,0,,17,0,17
3,3,,3,1,layered,,5,banking-springboot,5,3,,2,2,30
9,9,55,9,8,layered,,16,banking-system,55,2,,,15,105
1,1,,1,1,layered,,1,BankingApplication,2,0,,9,0,9
1,1,,1,0,layered,,1,BankManagementSystem,1,0,,2,0,6
3,3,,3,3,layered,,4,base-project,6,1,,2,1,37
1,1,,1,1,layered,,1,be-test-quantum,2,4,,,1,19
3,3,,2,0,layered,,4,Billing-Software,7,2,,2,2,26
6,5,,,0,layered,,6,Blog-Application,11,3,,47,3,47
5,4,,,0,layered,,5,Blog-Application-Backend,10,0,,33,0,33
4,3,,4,0,layered,,4,blog-rest-api,7,1,,2,3,36
19,18,,14,6,layered,,19,blogapplication,35,4,,141,8,141
1,2,,1,0,layered,,1,blogpost-rest-api,1,0,,2,0,6
1,1,,1,1,layered,,1,book-api,1,0,,2,0,7
2,1,,1,1,layered,,1,Book-API-SpringBoot,1,1,,2,0,7
3,5,,2,2,layered,,2,book-author-crud-api,5,1,,2,0,23
2,2,,2,0,layered,,1,book-management-system,3,0,,1,0,11
0,,,,0,layered,,0,BOOK-MY-SHOW-Low-Level-Design,,0,,2,0,22
6,5,,7,0,layered,,6,Book-Store,6,2,,2,1,44
1,,,4,3,layered,,6,book-vault,8,2,,2,3,32
4,3,7,3,2,layered,,4,booking_flight_app,6,0,,2,2,38
3,2,,4,4,layered,,4,BookMyShow,3,1,,2,0,42
2,1,,,1,layered,,1,books-crud-rest-api,2,0,,2,1,12
2,2,,2,0,layered,,0,BookStore-API,2,0,,2,0,11
3,2,,2,0,layered,,4,book_management_backend,7,2,,2,4,38
3,3,,8,3,layered,,3,Boost-EurovisionSongContestApp,5,0,,2,1,20
10,20,,9,6,layered,,11,BorekStore,21,4,,2,5,109
4,4,3,4,0,layered,,7,bp-archunit-examples,7,2,4,3,0,32
2,2,,4,4,layered,,1,Buy-Now-Pay-Later-Backend,1,0,,5,0,17
5,4,,4,0,layered,,4,ByteBlog,8,0,,2,0,33
1,,,4,3,layered,,0,Cab-Booking-System,,0,,2,0,10
2,2,,2,2,layered,,2,cadastro-ninjas,2,0,,2,2,14
1,2,,,0,layered,,1,calculator-mvc,2,0,,2,0,8
2,2,,,0,layered,,1,calculator-springboot-thymeleaf,1,0,,2,0,6
6,6,,,5,layered,,5,Campus-Recruit-API,5,0,,7,0,28
6,6,,,5,layered,,5,CampusRecruit-API,5,0,,7,0,28
1,1,,1,0,layered,,1,Car-Rental-System,2,1,,2,1,13
0,,,2,2,layered,,2,Children-Daycare,2,1,,2,0,10
1,1,2,,0,layered,5,3,clean_architecture_spring_boot,1,0,1,5,2,15
1,1,1,2,0,layered,4,0,Clean_Arch_With_Spring,,1,2,6,0,11
2,1,,1,1,layered,,1,client-spring-rest,1,1,,2,0,13
3,3,,2,0,layered,,1,Cloud-Vendor,4,0,,2,0,16
2,1,,2,0,layered,,1,CloudVendorAPI,3,0,,2,0,14
2,2,,2,0,layered,,2,codec_project_2_ecommerce_app,2,0,,2,0,10
2,1,,1,0,layered,,1,CoderHack,1,0,,2,0,10
1,2,,1,0,layered,,1,coffee-orders,1,0,,1,0,9
1,1,1,1,1,layered,,1,ColtWarrenAssignment11,1,0,,2,0,6
5,6,17,14,4,layered,29,4,Commercia-360-API,8,1,5,28,12,75
1,2,,1,0,layered,,2,country-service-app,9,0,,2,2,9
5,4,,4,8,layered,,4,Course_Enrollment_System,4,0,,2,0,26
8,8,,1,2,layered,,19,COVID-19-Impact-Analysis-API-,7,1,,2,4,27
1,1,,1,0,layered,,1,crud,2,0,,2,0,7
2,1,,1,1,layered,,1,crud-kasumi-api,1,0,,2,0,6
4,4,,3,3,layered,,7,CRUD-LOGIN-Security-Spring-Application,7,1,,22,0,22
3,1,,1,0,layered,,1,crud-spring-boot,1,0,,2,0,8
2,2,,1,1,layered,,1,CRUD-With-SpringBoot-and-Architecture-Layered,1,1,,2,0,8
1,1,,1,0,layered,,1,CRUDBackend-LayeredArchitecture-SpringBoot-ReactJS-MySQL,2,0,,,0,7
5,7,9,5,2,layered,,8,Cryptocurrency-Wallet,15,3,,1,0,89
3,3,,2,2,layered,,3,CurrencyXRatesRedisRabbitMQ,4,7,,2,4,35
1,1,,1,0,layered,,1,customer-management-backend,3,1,,,0,9
3,3,,,3,layered,,3,Customer-Management-System,6,0,,2,0,23
1,1,,,0,layered,,1,CustomOrderSystem-SpringApplication-,1,0,,14,1,14
4,4,,4,0,layered,,4,databaseAPI,4,0,,2,0,19
3,1,,1,1,layered,,1,DataHandlingValidationApplication,2,0,,13,0,13
3,3,30,12,4,layered,1,6,ddd-layered-example,7,0,,6,2,73
1,1,,1,0,layered,,1,DemoApplication,1,0,,5,0,5
4,6,15,3,0,layered,14,4,DietPlanFullStackApplication,8,1,,46,2,46
2,1,,1,0,layered,,1,digital-library,2,0,,2,0,11
1,1,,3,0,layered,,1,Digital-Wallet-MicroService-RESTful-API,15,0,,2,0,15
7,8,,,0,layered,,6,dockerize-car-rent-management-system-api,13,0,,1,0,42
0,,,,0,layered,,0,DollarsBankApp,,0,,,0,1
3,2,,1,0,layered,,1,DoneDesk,1,0,,2,0,9
3,2,,3,3,layered,,2,dream-games-backend-engineering-case-study,4,2,,2,2,29
2,1,,2,1,layered,,2,DTO-CRUD,2,1,,2,0,13
6,4,,9,9,layered,,9,E-Learning-Management-System,11,5,,3,9,93
6,10,,4,4,layered,,7,e-shop,22,7,,2,3,77
6,10,,5,4,layered,,10,easymenu,14,6,,2,5,85
3,5,,1,2,layered,,3,ecommerce-db-maven-api-javafx_backend,3,1,,,1,24
3,2,,2,2,layered,,3,ecommerce-spring-back,5,3,,3,1,28
5,4,,4,4,layered,,5,ECommerceAPI,10,3,,2,3,51
1,1,,,1,layered,,1,ecommerce_backend_java,1,0,,2,1,6
5,4,,4,4,layered,,5,EduConnect,13,1,,2,0,42
,,,,,layered,,,EduPanel,,,,,,0
5,4,,,4,layered,,4,EduTrack,4,0,,2,0,25
1,1,,1,1,layered,,1,employee-api,1,0,,2,0,6
1,2,,1,1,layered,,1,employee-crud,1,0,,2,0,7
3,1,,1,0,layered,,1,Employee-Data-Handler,2,0,,2,0,15
1,1,,,1,layered,,1,employee-management,2,0,,1,0,8
1,1,,1,1,layered,,1,employee-Management-,2,0,,2,0,8
1,1,,1,1,layered,,1,employee-management-system,1,0,,2,0,6
1,1,,1,1,layered,,1,Employee-Management-System-A-Spring-Boot-CRUD-Web-Application,2,0,,7,0,7
1,1,,1,0,layered,,1,Employee-Management-System-Backend-,2,0,,2,0,10
1,1,,,1,layered,,1,Employee-Portal,1,0,,2,0,6
2,2,,1,1,layered,,1,employee-service,16,2,,2,0,16
3,3,,1,1,layered,,3,EmployeeApp,8,1,,3,0,25
1,1,,1,0,layered,,1,EmployeeCRUDProject,,0,,1,0,5
2,1,,1,0,layered,,1,EmployeeDirectory,2,2,,,0,11
4,4,,1,0,layered,,1,EmployeeManagementApplication,3,1,,14,0,14
3,2,,2,2,layered,,2,EmployeeManagementSystem,4,0,,2,0,23
2,1,,1,1,layered,,1,employeeMangement,2,0,,2,0,11
1,1,,1,0,layered,,1,Employee_Management_Springboot,1,0,,2,0,6
1,1,,1,0,layered,,1,ems-backend,2,0,,2,0,10
2,2,,1,0,layered,,1,ems-rest-api,3,0,,2,0,12
3,3,,,5,layered,,5,EncheresWebApp,10,1,,2,0,34
2,1,,1,1,layered,,1,estore-product-service,11,1,,2,0,11
3,2,,2,0,layered,,2,Event-Management-System,4,0,,2,0,21
5,5,,5,8,layered,,5,EventManagementApp,6,0,,2,0,30
6,5,,4,6,layered,,5,EventMangament,5,0,,2,0,31
8,16,,9,9,layered,,9,Ex-Manage,19,1,,2,4,74
1,1,,1,1,layered,,1,Expense-tracker,1,0,,2,0,6
14,9,,5,5,layered,,10,expensetracker,20,12,,12,9,149
3,4,,3,3,layered,,5,Expense_Management_Backend,5,1,,2,0,23
4,3,,,5,layered,,0,Extended-MVC-Architecture-Layered-with-SpringBoot-Data-JPA-Maven-Web-MVC-Point-of-Sales-System-POS-,,0,,,3,38
1,2,6,,0,layered,,2,External_API_Calling_System,5,0,,4,0,12
1,1,,,1,layered,,1,E_Commerce_Backend,1,0,,2,0,6
4,6,,3,0,layered,,6,FemCoders-Mentor-Hub-Backend,14,3,,2,3,65
3,3,,3,2,layered,,2,FirstSPringBootProject,4,1,,2,4,24
4,3,,3,3,layered,,5,FitnessTrackerAPI,8,1,,10,1,65
4,7,,3,0,layered,,3,flashcards-api,10,0,,2,4,56
3,3,,,0,layered,,6,flight-boot,6,2,,4,3,38
2,2,,2,0,layered,,2,Flight_Booking,2,0,,2,0,10
,,,,,layered,,,FootLockerApp,,,,,,0
5,4,,2,2,layered,,5,foro_hub,9,2,,2,2,35
4,4,8,4,4,layered,,4,Full-Stack-2-Assignment-1,8,0,,18,4,30
2,2,,2,0,layered,,2,gameslist,2,1,,2,0,18
1,1,,1,0,layered,,0,global-superstore,1,0,,2,0,7
3,3,,6,4,layered,,3,Good-Reads-Advanced,3,0,,2,0,17
5,4,,4,0,layered,,4,Grade-Management-System-Rest-Api-Spring-Boot,8,1,,3,1,35
1,1,,,0,layered,,0,grade-submission,1,0,,2,0,5
2,2,18,6,0,layered,31,11,graphql-implementation,12,0,,14,1,63
3,4,,3,0,layered,,3,Guess_Card_Game,3,1,,2,2,43
5,6,,6,0,layered,,0,ha_web_deployment_2,1,0,,2,0,22
3,9,,2,1,layered,,1,hello-spring-layered-architecture,2,2,,,4,30
8,1,21,4,1,layered,44,6,hexagonal-architecture,4,6,14,28,1,97
1,1,6,1,1,layered,3,0,hexagonal-architecture-clean-arch,,1,2,2,2,14
3,3,7,,2,layered,,2,hexagonal-architecture-with-spring-boot-practice,4,4,,,3,41
5,4,,4,1,layered,,4,HMSBackend,4,1,,1,0,21
11,11,,14,9,layered,,12,homeService,111,4,,1,16,111
0,,,2,0,layered,,0,Homework4,2,0,,,0,8
5,5,,4,0,layered,,5,hoobank_backend,6,1,,2,0,27
13,12,,12,11,layered,,13,hospital-management-app,24,2,,3,1,134
3,3,,3,1,layered,,3,hospital-management-system,3,0,,2,0,15
1,1,,3,3,layered,,0,HospitalManagmenetSystem,,0,,2,0,9
8,7,,,0,layered,,7,hotel-management-service,57,0,,2,0,57
2,2,,4,1,layered,,3,hotel-management-system,6,0,,2,0,18
3,6,,3,3,layered,,3,Hotel-Management-System-Spring-Boot,9,0,,1,0,26
1,1,,1,1,layered,7,3,house-of-chaos-main,3,2,,2,2,24
1,1,,1,0,layered,,1,hr-portal,1,0,,1,0,5
1,1,,1,1,layered,,1,human-resources-backend,2,2,,2,0,10
5,4,,4,4,layered,,5,Idelkadi_Radia_S3_B2_EduConnect,13,1,,2,0,42
1,1,,1,0,layered,,1,insurance-manager,1,0,,2,0,8
8,8,,1,5,layered,,7,Integrative-Software-Engineering,18,1,,40,3,80
1,1,,1,1,layered,,1,Inventory-Management-System,1,0,,2,0,6
7,6,,7,0,layered,,6,Inventory_Forecasting_Backend,6,2,,2,3,39
1,1,,,0,layered,,1,Invoice-Porcessing-System,2,0,,2,0,7
2,2,,3,1,layered,,1,issuetracker,1,0,,2,0,13
1,4,3,1,1,layered,,0,java-aws-lambda,2,1,,1,2,16
3,2,,2,2,layered,,2,Java-Crud,6,0,,1,0,16
1,1,,1,0,layered,,1,Java-human-resources-app,2,0,,2,0,8
2,4,3,3,0,layered,,2,java-microservice-reference,18,0,,2,0,18
1,1,,,1,layered,,1,Java-NTier-Architecture,1,0,,2,0,8
1,1,,7,0,layered,,1,Java-Spring-Boot-Backend-Vacation-Planner,4,1,,2,1,24
3,2,,2,0,layered,,2,Java-Spring-Boot-Based-Banking-System-APIs,4,2,,2,1,23
2,1,,1,1,layered,,1,java-spring-boot_crud-products,2,0,,2,0,11
8,9,,4,2,layered,,5,java-todolist,7,7,,3,3,60
2,2,,2,1,layered,,1,java17-springboot-task-tracker-rest-api-microservice,19,0,,1,0,19
1,1,,,0,layered,,1,Java6Project-SpringBoot-1,1,0,,4,0,9
2,2,,1,0,layered,,0,JavaProductApi,,0,,2,0,5
1,1,,,1,layered,,1,javaSpringBootDemo,1,0,,2,0,9
1,2,,2,1,layered,,1,java_demo,2,0,,2,1,12
1,1,4,1,1,layered,,1,jee-architecture-spring-boot-dto,5,5,,1,3,30
1,1,,,1,layered,,1,Job-App,1,0,,2,1,6
10,9,,7,5,layered,,10,job-application-system,16,6,,72,8,72
3,3,,3,0,layered,,3,job-portal-springboot,6,0,,2,0,17
1,1,,1,1,layered,,1,Job-Post-Management-API,1,0,,2,0,6
1,1,,,1,layered,,1,JobApplication,1,0,,5,1,5
1,1,,1,1,layered,,1,JobPortal,2,0,,2,0,10
6,6,,2,0,layered,,0,Journal_Apllication,6,2,,2,3,20
0,,,2,0,layered,,0,jwt-authentication-starter,2,0,,2,0,16
3,3,,,0,layered,,1,KVStore-RateLimit-Cache-Kafka,4,1,,8,6,22
0,,,,0,layered,,0,lab-layer7-API,,0,,2,0,2
1,1,,1,1,layered,,1,Layered-Architecture,2,0,,2,0,9
3,2,,2,2,layered,,2,layered-architecture-example-shop-spring-boot-,4,1,,2,0,21
1,1,,1,1,layered,,1,layered-architecture-java-spring-boot-mysql,1,0,,2,0,6
0,,1,1,0,layered,,0,Layered-Architecture-Spring-Boot,1,0,,5,0,5
2,2,,,0,layered,,2,layered-architecture-spring-javafx,2,0,,2,0,15
1,3,,2,1,layered,,1,layered-architecture-template,3,1,,2,0,17
6,9,,5,0,layered,,2,layered-architecture-test-code-with-spring-boot,4,0,,1,0,29
7,6,,6,2,layered,,6,Layered-Architecture-With-Spring,6,0,,2,0,67
1,6,32,,0,layered,,0,layeredApplication,2,1,9,52,3,52
1,1,,,1,layered,,1,Layered_Architecture,1,0,,2,0,8
2,1,1,1,0,layered,,3,learn-spring-boot-todo-api,2,0,,2,1,12
0,,,5,5,layered,,0,library-api,,0,,2,0,12
4,6,,3,3,layered,,3,library-management-spring-boot,6,1,,2,1,26
1,1,,1,0,layered,,1,Library-Management-System-Backend,2,0,,2,0,9
2,2,,1,0,layered,,0,Library-Project-Backend,1,0,,2,2,9
6,16,,6,0,layered,,5,LibraryApi,7,5,,1,7,49
2,2,,2,2,layered,,2,likedin,2,0,,2,0,13
5,5,,3,3,layered,,7,LMS-Spring,7,1,,,0,45
2,2,,1,0,layered,,2,LoanAPITask,2,0,,2,1,11
2,2,,1,0,layered,,2,loanapiTaskNew,2,0,,2,1,11
1,2,1,,0,layered,,1,localgov-backend,1,1,,2,1,20
4,4,,3,3,layered,,4,Lost-Found,4,1,,2,2,27
2,2,,10,5,layered,,2,lovelyTrip,8,2,,2,9,71
7,11,,5,5,layered,,5,Many2Many_Spring,10,1,,1,2,49
0,,,,0,layered,,0,marketplace,,0,,2,0,2
2,1,,1,1,layered,,2,MediTrack,17,0,,4,0,17
3,,30,,0,layered,,1,microservices-architecture-spring-cloud-domain,30,1,,12,0,30
1,2,,1,1,layered,,2,mini-n-layered-product-managing-mongodb-project,2,1,,2,0,11
2,2,,1,0,layered,,1,Mini-Project-Backend-using-Springboot,2,0,,2,2,13
2,2,,1,0,layered,,1,mk-fashion-rewards-api,2,0,,2,0,14
2,1,,2,1,layered,,1,monkcommerce-backend,5,0,,2,2,26
2,2,,2,1,layered,,2,monstershop,2,1,,2,0,17
3,2,,2,0,layered,,2,monstershop-api,2,1,,2,0,19
1,1,,,0,layered,,1,Monthly-Challenge-App,1,0,,2,0,5
4,4,,5,0,layered,,4,MOS-Burgers-Backend,8,1,,,0,35
6,6,,6,0,layered,,6,MOS_Burgers_Project_Back-end,12,1,,,0,38
1,1,,3,0,layered,,3,MovieDirectoryBackend,3,0,,2,0,16
4,3,,3,0,layered,,6,Movie_Api_Backend,8,2,,3,0,33
0,,,,0,layered,,0,mug-up-postgresql,,0,,2,0,3
1,,29,,0,layered,,1,multichannel-architecture-spring-boot-domain,5,2,,1,0,29
2,1,,1,1,layered,,1,my-java-api,13,0,,2,0,13
1,1,,,0,layered,,1,my-springboot-app,7,3,,1,5,42
1,1,,,0,layered,,1,northwind,1,0,,2,0,15
2,2,,,0,layered,,2,northwind-project-backend,2,0,,2,0,22
4,27,,,2,layered,,2,NoteControllerV2,4,0,,2,1,27
4,4,,4,5,layered,,1,ob-hibernate-project,1,1,,2,0,19
5,8,,4,4,layered,,4,One2Many_Spring_Rest,8,0,,1,1,34
4,6,,3,3,layered,,3,One2one-Entity-Rest,6,0,,1,1,25
9,9,,,0,layered,,6,online-food-delivery-system,12,1,,2,3,65
1,1,,2,0,layered,,1,Online_Banking_System,2,0,,2,0,9
6,5,,6,2,layered,,7,Online_food_ordering_application_Backend,7,1,,35,1,35
1,1,,1,0,layered,,1,Online_Quiz_Exam_Platform-Backend,2,1,,,0,14
5,4,,3,3,layered,,3,OrderMangementSystem,6,0,,2,0,30
3,2,,1,1,layered,,3,OrganizeIt-TodoManager-SpringBoot,4,0,,2,0,16
1,1,,,0,layered,,2,otp-delivery-service,6,0,,,1,6
4,15,,6,0,layered,,3,p2-todolist-app-ATSD,11,1,,1,1,43
30,29,204,25,0,layered,43,54,panis-boot,51,8,,1,10,433
2,2,,2,0,layered,,2,Patient-Appointment-Management-System,2,0,,2,0,14
10,8,,,8,layered,,10,Patika-Bootcamp-Hafta-12,12,2,,4,0,88
3,2,3,3,3,layered,,4,payment-api,5,2,,1,2,29
3,2,,,0,layered,,4,payment-validation-service,26,1,,2,0,26
1,2,,1,0,layered,,1,payment_process,4,0,,2,0,21
3,3,,,0,layered,,4,Paysecure-API,6,1,,2,1,21
4,4,,4,0,layered,,4,PayTrack,4,0,,2,0,24
3,2,,4,0,layered,,3,person-address-api,8,0,,2,6,28
2,2,1,2,1,layered,,1,pets.spring-boot-monolith,3,2,,,0,26
3,2,6,3,2,layered,,3,petshop-application,4,1,,22,0,22
7,14,,6,1,layered,,3,player-service,33,0,,1,0,33
8,6,,6,1,layered,,7,pokecenter-hoenn-system,46,1,,4,6,90
2,1,,1,1,layered,,1,policyapp,1,0,,2,0,9
4,3,,3,0,layered,,6,PopcornAPI,8,2,,3,0,33
1,1,3,3,0,layered,8,1,portfolio-hexagonal-crud,2,1,1,4,1,15
0,,,2,0,layered,,0,portfolio-management-system,5,0,,2,0,10
2,1,,1,1,layered,,1,product-inventory-api,2,0,,2,0,11
2,1,,1,1,layered,,1,Product-Management,2,0,,2,0,12
2,1,,1,1,layered,,1,Product-Management-System,2,1,,2,0,10
1,1,,1,0,layered,,1,ProductCategory,2,0,,2,0,8
2,1,,1,1,layered,,1,ProductManagement-Springboot,1,1,,2,0,9
3,5,,2,0,layered,,2,productservice,22,0,,2,0,22
1,1,,1,1,layered,,1,product_management_system,2,0,,2,0,7
10,9,,9,7,layered,,10,PrototypeAlikosti,10,1,,2,11,95
2,2,,,1,layered,,2,Quiz-backend,2,0,,2,0,12
2,2,,2,2,layered,,2,QuizAppBackend,2,0,,2,0,12
3,2,,2,2,layered,,2,Quiz_Mono_Repo,4,0,,2,0,19
1,1,13,19,3,layered,,1,RandomUserApplication,49,1,,71,3,71
9,8,,5,5,layered,,6,real-estate-ai-api,11,1,,2,7,63
4,4,,,0,layered,,4,RentaCarBackend,4,0,,2,0,30
3,6,,1,0,layered,,2,REST-API-service-example,24,0,,1,0,24
1,1,,1,1,layered,,1,restAPI,2,0,,2,0,9
2,1,,1,1,layered,,1,RestApi_SpringBoot_MySQL,1,1,,2,0,7
1,2,,2,0,layered,,0,restaurant-api-springboot,6,2,,2,1,13
1,1,5,3,2,layered,6,0,restaurant-management-system,,0,1,6,1,19
3,3,,3,3,layered,,6,Restaurants-Suggestion-App,6,0,,4,2,39
1,1,,1,1,layered,,1,Restful_API_Using_CRUD,2,1,,2,0,10
5,6,,6,0,layered,,12,rg-pet-clinic,22,0,,2,2,47
5,5,,,2,layered,,5,Ride-Sharing-App-Backend,5,2,,2,1,23
3,2,,2,2,layered,,2,room-reservation-api,2,0,,2,0,17
1,1,,,0,layered,,1,sanlam-shopping-cart-test,1,0,,1,0,7
2,2,,2,1,layered,,4,School-Management-API,3,0,,2,0,18
4,4,,4,4,layered,,4,school-management-system,8,0,,2,1,22
2,2,,2,0,layered,,4,School-Student-Management-System,2,0,,2,0,16
2,,,2,0,layered,,2,SchoolSystem,4,0,,1,0,12
3,,,,2,layered,,2,SEPR-2025s,7,2,,3,5,48
1,1,,1,1,layered,,1,shopverse,5,0,,1,0,5
2,2,11,2,2,layered,4,4,si729ebu202014511,5,1,,6,0,32
,,,,,layered,,,simple-course-registration-fullstack,,,,,,0
1,1,,1,0,layered,2,1,simple-crud-springboot-project,1,0,,2,0,6
0,,,1,0,layered,,0,SimpleSpringRestAPI,,0,,2,0,5
10,10,,5,1,layered,,4,slopsite,4,1,,2,0,42
4,4,,,1,layered,,3,Smart-Student-Attendance-Backend,7,3,,2,0,35
2,2,,4,1,layered,,1,smartExpenses,8,0,,2,0,20
2,2,16,3,3,layered,5,4,SmartHomeManagement,6,1,,6,0,39
1,1,,3,3,layered,,2,software-architecture-guide,2,0,,1,0,11
5,9,36,12,4,layered,,4,spring-advanced-layer-architecture,113,5,,1,9,115
1,1,2,,0,layered,,2,spring-api-project,8,0,,2,0,8
4,6,9,9,3,layered,,3,spring-basic-layer-architecture,9,2,,1,1,67
3,3,,3,0,layered,,3,Spring-Book-Catalog,3,0,,2,0,14
1,1,,,2,layered,,1,Spring-Boot,3,2,,2,0,9
1,1,,1,1,layered,,1,Spring-Boot-API,1,1,,2,1,8
4,4,,,0,layered,,5,spring-boot-blog-app,9,2,,2,0,31
2,2,,1,1,layered,,1,spring-boot-boilerplate,2,3,,2,4,20
1,1,,1,1,layered,,1,Spring-Boot-Crud,2,0,,2,0,9
1,1,,1,1,layered,,1,Spring-Boot-CRUD-,2,0,,2,0,7
2,10,,,0,layered,,1,spring-boot-crud-MULTI-Controller-app,2,0,,2,0,10
13,10,,4,3,layered,,11,Spring-Boot-Cruds,17,2,,31,0,82
1,1,,1,1,layered,,1,spring-boot-employee-api,1,1,,2,0,8
2,1,,1,1,layered,,1,spring-boot-example,3,0,,3,2,26
4,4,,5,1,layered,,7,Spring-Boot-Journal-app,13,3,,2,4,38
5,,,5,0,layered,,4,spring-boot-jpa-workshop,6,1,,2,0,28
3,3,,,1,layered,,0,Spring-Boot-JWT-Secuirty,3,2,,,9,35
1,1,,,1,layered,,1,Spring-Boot-Layered-Application,2,0,,8,0,8
1,1,,,1,layered,,1,Spring-Boot-Layered-Architecture-and-Persistence-API,1,0,,2,0,9
0,,,,0,layered,,0,spring-boot-layered-architecture-api,,0,,2,0,2
1,2,,1,1,layered,,1,spring-boot-library-app,3,0,,2,0,9
2,2,,2,0,layered,,2,spring-boot-mongodb-crud,2,0,,2,0,10
3,1,,1,1,layered,,1,spring-boot-mvc-architecture,1,1,,2,0,15
3,2,,1,1,layered,,3,Spring-Boot-NCapas-CRUD-ArrayList,7,1,,2,1,28
1,1,,1,0,layered,,1,spring-boot-patient-app,2,0,,2,0,7
3,2,,2,0,layered,,1,Spring-Boot-Projects,5,1,,17,1,17
2,2,,,2,layered,,2,spring-boot-QuizzApp,2,0,,2,0,12
2,6,2,5,1,layered,,1,spring-boot-refresher,1,0,,2,2,16
1,1,,1,0,layered,,1,Spring-Boot-Rest-API,2,1,,2,1,12
3,6,6,4,2,layered,,3,spring-boot-rest-api-mysql-jpa-crud,8,1,,2,3,28
2,1,,1,0,layered,,1,Spring-Boot-REST-API-with-Database-Integration,1,0,,2,0,13
1,1,,1,1,layered,,1,Spring-Boot-REST-API-with-Layered-Architecture,2,1,,2,0,9
1,,,1,1,layered,,1,Spring-Boot-REST-SOAP-API-Project,4,1,,2,0,16
1,1,,1,1,layered,,1,spring-boot-restful-api,2,0,,2,0,7
1,1,,,1,layered,,1,Spring-boot-restFulAPI-Employee-FULL-CRUD-,2,0,,2,0,8
8,8,,1,1,layered,,2,Spring-Boot-Security,2,2,,1,5,20
1,1,,1,0,layered,,1,spring-boot-software-engineers,1,0,,2,0,6
1,1,,1,0,layered,,1,Spring-boot-spring-mvc-crud,2,0,,2,0,7
1,1,,1,1,layered,,1,spring-boot-student-api,1,0,,2,0,6
1,1,,1,1,layered,,1,Spring-Boot-StudentApi,1,1,,2,0,7
1,1,,1,1,layered,,1,Spring-Boot-TodoList,1,1,,2,0,7
0,,,,1,layered,,1,spring-boot-user-demo,4,0,,1,0,8
0,,,,1,layered,,1,spring-boot-user-demo-project,3,0,,1,0,7
0,,,,0,layered,,0,spring-boot-user-demoo,1,0,,2,0,4
2,2,,2,0,layered,,0,spring-cloud,2,2,,10,2,19
1,1,,,0,layered,,0,Spring-Cloud-Sleuth-Zipkin-Client-Microservice-Log-Tracing-using-Spring-Boot,5,1,,2,1,5
1,1,,,1,layered,,1,Spring-Crud-with-Services,8,0,,2,0,8
7,11,,5,5,layered,,5,Spring-Data-Jpa,10,1,,2,4,52
7,11,,5,5,layered,,5,spring-data-jpa-restful-api-starter,10,1,,2,2,51
0,,,1,2,layered,,0,spring-data-rest,,0,,2,0,4
2,1,7,3,1,layered,6,1,spring-ddd,1,1,,3,1,23
2,2,,1,1,layered,,1,Spring-Dto,2,0,,1,1,11
1,2,,3,1,layered,,4,spring-layered-architecture,10,1,,1,2,28
1,1,,1,1,layered,,1,spring-multi-layer-testing,2,0,,2,0,17
4,4,,4,4,layered,,4,spring-mvc-demo-stillwater,4,0,,2,0,18
3,4,,2,1,layered,,2,Spring-Rest-Jpa,4,0,,2,1,24
1,1,,1,1,layered,,1,Spring-Security-Demo,2,1,,2,3,11
1,2,,1,1,layered,,1,Spring-Student-Service,8,0,,2,1,8
1,2,,3,0,layered,,2,spring-testing-mastery,14,3,,3,0,18
2,2,1,1,1,layered,,1,SpringBackEndDesign1,1,0,,1,1,10
1,1,,1,1,layered,,1,SpringBoot,1,0,,6,0,15
1,1,,,2,layered,,1,SpringBoot---Mini-project-01,2,0,,1,1,10
4,4,20,,3,layered,,3,springboot-amalitech-lab09-task-manager,6,1,,2,0,38
2,2,,1,1,layered,,1,SpringBoot-API-Exception-Handler,2,0,,2,2,18
2,3,,2,0,layered,,1,springboot-app-with-layered-testing,3,1,,2,0,15
1,1,,1,1,layered,,1,springboot-book-api,1,0,,2,0,6
2,4,4,4,2,layered,,2,springboot-bookstore-api,4,1,,2,2,23
10,9,,9,9,layered,,9,springboot-church-api,18,1,,2,0,97
7,14,,6,5,layered,,5,SpringBoot-CourseManagement,15,1,,2,0,71
4,3,,4,4,layered,,3,SpringBoot-CRUD,6,2,,2,0,37
2,2,,2,0,layered,,1,springboot-crud-api,2,0,,2,0,9
1,1,,1,0,layered,,1,Springboot-crud-dto-architecture,2,1,,2,0,10
0,,,7,0,layered,,1,Springboot-data-jpa-Crudoperation-using-CrudRepository,2,0,,2,1,7
2,2,,2,2,layered,,2,springboot-delivery-optimization,2,0,,18,1,18
0,,,,0,layered,,0,springboot-demo,,0,,2,0,2
1,1,,,1,layered,,1,SpringBoot-Employee-CRUD,1,1,,2,0,8
1,1,,1,1,layered,,0,springboot-employee-service,6,0,,2,0,6
2,1,,1,0,layered,,1,springboot-exception-handling-api,2,0,,2,0,10
5,6,,4,3,layered,,5,springboot-fundamentals,5,0,,2,1,23
2,5,17,6,2,layered,14,0,springboot-hexagonal-ddd-sample,5,1,1,10,1,42
2,2,,,0,layered,,2,springboot-job-api,4,0,,2,0,12
0,,,5,0,layered,,2,springboot-jpa-hospital-app,2,0,,2,0,17
1,,,5,1,layered,,3,SpringBoot-JPA-Swagger-LayeredArchitecture,1,0,,2,2,16
2,1,,1,1,layered,,1,SpringBoot-MVC-Week2,1,1,,2,0,13
0,1,,,0,layered,,0,Springboot-practise-backend-api,2,0,,2,0,8
20,19,,,10,layered,,16,SpringBoot-Projects,38,2,,30,0,111
3,3,,,1,layered,,1,SpringBoot-Restfull-APIs,3,0,,2,0,14
2,1,,1,0,layered,,1,Springboot-restfull-webService,13,0,,2,0,13
1,1,,1,1,layered,,2,springboot-tuition-app-backend,1,0,,2,0,8
1,1,,1,1,layered,,0,SpringBootApp,1,0,,2,1,6
2,2,2,1,1,layered,,1,SpringBootComplete,5,0,,1,1,14
3,3,,,0,layered,,2,SpringBootCRUD,4,0,,2,0,13
1,1,,1,1,layered,,1,SpringBootDemoProject,1,0,,2,1,6
1,1,,1,0,layered,,1,SpringBootExample,3,0,,2,0,9
1,1,,,0,layered,,1,SpringBootExcelReport,1,0,,,2,5
6,4,,2,1,layered,,5,SpringBootExercise,31,2,,5,2,48
1,1,2,2,1,layered,,1,SpringBootHibernate,1,0,,2,0,8
1,1,,1,0,layered,,0,SpringBootKafkaIntegration,2,0,,2,4,9
0,,,,0,layered,,0,SpringBootLayeredArchitecture,,0,,2,0,2
18,15,,12,8,layered,,8,SpringBootPrj,54,8,,10,0,74
1,1,,1,0,layered,,1,springbootproject,1,0,,2,0,6
1,1,,,0,layered,,0,SpringBootRestAPI,,0,,2,0,4
2,1,,5,0,layered,,1,springbootstrap,18,9,,1,0,33
3,1,,1,0,layered,,2,SpringBootStudentCrud,4,0,,2,0,13
1,3,,2,1,layered,,1,SpringBootTestingExercise,3,0,,2,0,14
4,2,,2,2,layered,,2,SpringBootW2_2.4-2.10,2,1,,2,0,25
8,9,,4,1,layered,,9,SpringBoot_Mini_projects,15,0,,10,7,76
2,4,,3,1,layered,,3,SpringBoot_RefreshToken_JWT,7,2,,2,4,30
1,1,,1,1,layered,,1,Springboot_Rest_API,1,1,,2,0,7
2,1,,,1,layered,,1,SpringBoot_Rest_Api_Implementation,2,0,,2,0,11
2,1,,1,0,layered,,1,Springboot_REST_API_Project01,2,0,,2,0,10
2,2,,,1,layered,,1,SpringEcom,1,0,,2,0,7
1,1,,1,0,layered,,0,SpringGrades,1,0,,2,0,9
4,1,,1,0,layered,,2,Spring_3_layer_basic_CRUD,1,0,,2,1,9
1,1,,1,0,layered,,1,Spring_Boot-Project,1,0,,2,0,6
4,4,,4,4,layered,,8,Spring_Boot_apiEndpoint_statusCode_JPA,8,0,,2,0,22
2,1,,1,1,layered,,1,Spring_BOOT_REST_4-_LAYER,1,0,,2,0,8
3,1,,1,1,layered,,1,Spring_Boot_Web,1,1,,2,0,15
1,1,,1,1,layered,,1,Srpingboot-CRUD-,1,0,,2,0,6
3,1,,1,1,layered,,1,Standard_project_2,2,0,,2,0,20
3,2,,2,0,layered,,7,starbucks-mernis,12,2,,1,0,48
3,2,,2,0,layered,,2,stock-backend,2,0,,2,0,16
4,6,,3,3,layered,,4,student-course-management-system,6,0,,2,3,44
2,1,,1,1,layered,,1,student-crud-springboot,1,0,,2,2,22
1,1,,1,1,layered,,1,Student-Grade-API,1,0,,2,0,9
7,7,,9,0,layered,,0,student-management-backend,,2,,2,1,38
1,1,,1,0,layered,,1,Student-Management-System,1,0,,2,0,6
2,2,,1,0,layered,,2,Student-Management-System-BackEnd,4,0,,,0,11
1,1,,1,1,layered,,1,Student-Managment-API-,1,1,,2,0,7
3,,,3,3,layered,,4,StudentCourseDemoProject,9,2,,2,7,52
2,1,,2,2,layered,,1,StudentCourseManagementSystemApp,2,0,,2,0,12
5,4,,4,4,layered,,5,StudentManagement-springBoot,4,0,,3,0,23
2,1,,1,1,layered,,1,StudentRegistration,1,0,,1,0,10
0,,,,0,layered,,0,Students-management-System,2,0,,,0,12
4,4,,,0,layered,,3,supermarket-management-system-api,8,0,,,0,32
1,,,1,1,layered,,1,system-academy_webapi_layered-architecture_java-17,1,1,,2,0,8
2,1,,1,0,layered,,0,Task-API,,0,,1,0,6
1,2,,1,1,layered,,1,Task-Manager,2,0,,2,1,8
3,1,,,0,layered,,1,Task-Manager-API,1,0,,2,0,8
1,1,,1,1,layered,,1,TaskFlow,1,0,,2,0,8
0,,2,,0,layered,,0,taskManagementAPI,,0,,2,0,4
2,2,,,0,layered,,2,taskmanager-springboot,2,0,,2,0,12
4,4,9,3,2,layered,,3,tasks_app,6,0,,2,3,30
5,4,,4,0,layered,,4,TeacherInformationSystem,8,2,,2,0,41
0,,,3,3,layered,,1,Team-Task-Pro,3,0,,2,0,15
1,5,16,3,0,layered,30,13,telegram-bot,14,2,,68,37,124
1,1,,1,1,layered,,1,telusko07_spring_boot_web_product,1,0,,2,0,6
3,3,,2,0,layered,,3,template,4,3,,2,1,28
7,6,,5,4,layered,,9,tennis-tournament,9,4,,3,2,52
2,2,,,2,layered,,2,The-Quiz-Application,20,0,,22,0,22
0,,,4,2,layered,,0,The_telephone_directory,,0,,2,0,18
2,2,,2,1,layered,,2,TimeSheet,4,0,,2,1,18
4,4,,1,0,layered,,2,Todo-s-Project,2,1,,2,0,11
3,2,,1,1,layered,,3,ToDo_Application,4,0,,16,1,16
2,2,,5,0,layered,,1,Travel-Management-System,2,0,,2,1,25
2,2,,1,0,layered,,1,Traveller-Management-REST-API,2,0,,2,1,11
7,6,,5,0,layered,,8,twitter-api,20,1,,1,6,73
7,6,,6,0,layered,,6,twitter-clone-api,13,1,,2,2,47
1,2,,2,0,layered,,1,unittest,2,0,,2,0,11
0,2,,1,1,layered,,0,university--layered-architecture-with-spring-boot-demo,9,3,,2,0,19
2,2,,2,2,layered,,2,User-Education-Management,2,0,,2,0,13
2,1,,1,0,layered,,1,User-Management-api,2,0,,2,0,9
1,1,,1,0,layered,,1,user-management-springboot,2,1,,2,0,8
3,2,,1,1,layered,,1,User-Management-System,2,0,,2,0,15
3,8,2,6,2,layered,14,0,UserManagementSystem,4,2,,8,0,27
0,,,,0,layered,,0,User_Mangement,,0,,2,0,2
9,9,17,10,9,layered,,11,Valley-eCommerce-prototype,22,1,,1,33,110
7,6,,,6,layered,,7,VeterinaryManagementSystem,8,2,,2,0,62
8,7,,,7,layered,,8,VetManagementSystem-backend,9,2,,2,0,71
1,1,,,0,layered,,3,weather-stats-static,5,0,,2,0,8
1,1,,1,0,layered,,1,weatherdata,1,0,,2,1,10
5,,,5,0,layered,,4,webservice-springboot3-jpa,28,1,,2,0,28
5,,,5,0,layered,,4,workshop-springboot3-jpa,6,1,,2,0,28
8,15,,7,1,layered,,7,workshop_springBoot_jpa_2.0,9,5,,1,7,77
3,,2,2,2,layered,,2,workshop_springboot_mongodb,3,1,,2,0,18
5,4,,3,0,layered,,4,Y-Spring-Boot,4,5,,2,3,34
8,7,,7,0,layered,,10,zource-backend,19,6,,1,2,69
1,1,,,2,mvc,,1,-CRUD-Spring-boot-Postgres-,3,2,,2,0,9
1,1,,1,1,mvc,,1,-E-Commerce-Product-Management-Backend-Spring-Boot-Project-,1,0,,2,0,6
6,6,,1,1,mvc,,9,-E-commerce-shopping-website,8,3,,2,7,30
3,3,,1,0,mvc,,1,-Springboot-MVC-CRUD,2,0,,2,0,12
6,6,,6,6,mvc,,6,2nd-Year-Final-Project,6,0,,2,0,26
14,14,,13,13,mvc,,15,accounting-group-website-backend,27,1,,2,0,72
3,3,,3,0,mvc,,3,AgriTrack-Android-App,3,0,,2,0,14
0,2,,1,0,mvc,,0,AngularSpringBootMVC1,2,0,,2,0,11
2,2,16,6,1,mvc,16,0,api-clean-architecture-inventario,3,3,9,5,5,35
4,4,,3,1,mvc,,3,app_web,3,0,,2,1,19
4,4,,,0,mvc,,1,ARTI-Desktop-App,1,0,,3,0,12
1,1,,,0,mvc,,1,Attrition-Analysis-System,4,1,,2,3,13
4,4,,4,0,mvc,,5,Audiobook-Shop-Angular-Spring,9,1,,2,1,30
4,22,12,7,4,mvc,,8,auth_mvc_architecture_springboot,23,2,,8,14,88
2,3,,9,3,mvc,,3,Backend-VenteVue,,0,,3,0,36
5,10,,6,6,mvc,,14,back_AME-EN-HARMONIE,23,3,,3,4,60
4,5,3,2,2,mvc,,4,banco-digital,8,1,,2,0,30
14,25,,18,6,mvc,,14,Band-Management-System,24,1,,2,1,104
2,2,,3,0,mvc,,2,Banking-Apllication-By-Using-Hibernate-Springboot-and-JPA,4,0,,2,0,24
3,2,,5,0,mvc,,3,banque-mvc,3,1,,2,0,19
3,3,,3,3,mvc,,3,Basketball-League-Data-Base,3,0,,2,0,14
2,1,,1,0,mvc,,3,be-salon-api,3,1,,2,1,24
1,2,,,0,mvc,,0,beerdistribution-microservice,7,0,,2,0,7
4,4,,,0,mvc,,3,billing-app,5,2,,2,3,29
1,1,,1,0,mvc,,1,Billing-jetBlue,2,0,,2,0,7
8,7,,5,3,mvc,,6,blog-app,11,2,,2,3,49
3,3,,5,4,mvc,,4,BlogApplication,4,1,,22,1,22
6,5,,,1,mvc,,6,Blog_Application_Using_SpringBoot_Framework,11,1,,46,3,46
2,1,,1,1,mvc,,1,Book-API-SpringBoot,1,1,,2,0,7
6,8,,16,8,mvc,,7,Book-Store,16,2,,2,7,90
7,7,,3,2,mvc,,6,BookLibrary-system,5,1,,6,1,31
4,4,,3,0,mvc,,3,BookManagementSystem-SpringBoot,6,0,,2,0,18
3,3,,2,1,mvc,,3,BookRentalSystem,3,1,,2,0,14
2,2,,1,1,mvc,,1,Books-and-Authors-Spring-Boot,1,0,,2,0,9
3,2,,4,0,mvc,5,4,Books-API-Spring-Boot-Project-First,5,1,,2,3,37
2,6,,5,2,mvc,,2,books-app,7,0,,2,0,23
6,6,,,6,mvc,,0,BookstoreSpringProject,,0,,2,1,23
9,8,,9,3,mvc,,4,Boost-SpringBoot-CommentApp-IntegratedDockerAndKubernetes,4,0,,2,2,40
4,4,,,0,mvc,,3,Breach-Watch,3,0,,2,0,13
3,3,,1,0,mvc,,1,Bulls-and-Cows,,2,,2,1,11
1,2,,,0,mvc,,1,calculator-mvc,2,0,,2,0,8
6,6,,,5,mvc,,5,Campus-Connect,5,0,,7,0,28
3,3,,1,0,mvc,,1,Car-exchange-app,1,0,,4,0,11
1,1,,,0,mvc,,4,CareerMapSpring,2,0,,2,0,8
2,2,,1,1,mvc,,1,carmaker-api,1,3,,2,4,23
4,3,,4,3,mvc,,3,chatcake-spring,3,2,,2,5,33
5,5,,7,1,mvc,,3,ChatGod,3,1,,2,0,25
0,6,,,11,mvc,,13,ClonedIn,25,5,,1,16,187
1,1,,1,1,mvc,,0,CMS-Backend,,0,,1,0,5
2,1,,1,0,mvc,,1,CoderHack,1,0,,2,0,10
1,1,,3,2,mvc,,3,college-admission-system,6,0,,2,0,15
1,1,1,1,1,mvc,,1,ColtWarrenAssignment11,1,0,,2,0,6
6,5,,3,0,mvc,,1,ContactManager,2,1,,2,0,22
1,1,,1,1,mvc,,1,CoreEmpSystem,2,0,,2,0,7
1,1,,,0,mvc,,0,CounterApp,,0,,2,0,3
2,2,,4,0,mvc,,4,Course-Enrollment-System,8,0,,1,0,19
0,,,,0,mvc,,0,Course-Register-WebAPP-Springboot,,0,,,0,4
1,1,,2,2,mvc,,1,Course-Registration-System-,1,1,,2,0,9
2,1,,2,2,mvc,,2,Cricket-Player-Management-System,4,0,,2,0,15
3,3,,5,3,mvc,,4,CRM-Project-Using-Spring,8,0,,2,0,26
1,1,,1,0,mvc,,1,crud,2,0,,2,0,7
1,1,,1,0,mvc,2,1,CRUD-EM-JAVA,1,0,,2,0,6
1,1,,1,0,mvc,,1,crud-employee-app,2,1,,2,0,9
1,1,,,1,mvc,,1,CRUD_API,2,1,,1,0,10
1,1,,,0,mvc,,1,CulersAPI-2024,1,2,,2,0,9
4,3,,1,0,mvc,,1,CURD,2,0,,2,1,13
1,1,,1,1,mvc,,1,customer-module,1,1,,2,0,11
1,1,,,0,mvc,,0,Customer-Relationship-management,,0,,,0,1
1,1,,1,1,mvc,,2,customer-services,10,0,,1,0,10
2,2,,2,2,mvc,,2,CustomerRelationshipManager,5,1,,2,2,20
1,1,,,0,mvc,,1,CustomOrderSystem-SpringApplication-,1,0,,14,1,14
2,2,,2,0,mvc,,1,CVE_CUSTOM_API,1,0,,2,2,9
3,4,3,2,0,mvc,,0,DataParser,,0,,2,0,15
1,9,,2,0,mvc,,6,deckbuilder,6,0,,,9,24
22,22,,7,6,mvc,,8,delta-edu-app,7,3,,,3,72
1,1,,,0,mvc,,0,Demo-SpringBoot-WebApp,,0,,2,0,5
1,1,,,1,mvc,,1,DemoApp-SpringBoot,1,0,,2,0,6
5,8,,4,4,mvc,,5,Dental-Clinic-Spring,9,2,,3,1,39
1,1,,1,1,mvc,,1,digimon-api,1,1,,2,1,9
1,1,,,1,mvc,,1,Digital-Library,1,0,,2,0,9
0,,,,0,mvc,,0,E--Commerce-Web-Application,,0,,52,0,52
7,7,,4,4,mvc,,4,E-Banking,9,1,,1,7,44
,,,,,mvc,,,E-Commerce,,,,,,0
3,3,,,5,mvc,,4,E-commerceProject,4,4,,2,0,21
3,2,,2,2,mvc,,2,Ecommerce,2,0,,1,1,11
1,1,,1,1,mvc,,1,ecommerce-backend,1,0,,2,0,6
3,5,,1,2,mvc,,3,ecommerce-db-maven-api-javafx_backend,3,1,,,1,24
1,1,,,1,mvc,,1,ecommerce_backend_java,1,0,,2,1,6
1,1,,1,1,mvc,,1,Ecom_Application_Using_SPRING-BOOTS,1,0,,6,0,6
2,1,,7,0,mvc,,1,edupanel-backend,6,0,,,3,27
1,2,,1,0,mvc,,1,Employee-CurdOperations,3,0,,2,0,14
1,1,,,0,mvc,,1,Employee-Management,2,0,,2,0,8
1,1,,,0,mvc,,1,employee-management-system,1,0,,2,0,7
1,1,,1,1,mvc,,1,Employee-Management-System-A-Spring-Boot-CRUD-Web-Application,2,0,,7,0,7
1,1,,1,1,mvc,,1,Employee-Mangemnet-main,1,0,,2,0,6
4,2,,2,1,mvc,,4,employee-payroll-app,6,1,,1,2,25
1,1,,1,3,mvc,,1,employee-tracker-dms,1,0,,2,0,8
1,1,,1,0,mvc,,1,Employee_Directory,2,0,,2,0,7
1,1,,1,0,mvc,,1,Employee_Management_Springboot,1,0,,2,0,6
1,1,,1,1,mvc,,1,Employee_management_system,1,0,,4,0,9
6,6,12,,1,mvc,,3,Enterprise-Architecture,41,1,,2,5,174
5,4,,,0,mvc,,4,EventManagementApp,4,0,,2,0,20
3,3,,3,3,mvc,,3,EventManagementSystem,6,0,,2,0,18
3,4,,5,0,mvc,,0,Exam-Registration-System-Using-SpringBoot-MVC-Architecture-,,0,,1,1,15
17,17,,,7,mvc,,7,Exam_Seating_Arrangement_System,7,0,,2,0,40
4,3,,,5,mvc,,0,Extended-MVC-Architecture-Layered-with-SpringBoot-Data-JPA-Maven-Web-MVC-Point-of-Sales-System-POS-,,0,,,3,38
0,,,,0,mvc,,0,File-Upload-Download-App,,0,,1,0,1
3,3,,3,0,mvc,,3,firstjobapp,6,0,,2,0,17
3,3,,3,0,mvc,,0,Fitness-Application,2,0,,14,0,14
3,7,,,3,mvc,,0,Fleet-Management-final,,1,,1,3,23
4,4,,4,0,mvc,,1,flightReservationApp,2,0,,2,0,18
3,3,,2,0,mvc,,3,Flipkart-Management-System,3,1,,1,0,13
11,19,,7,2,mvc,,3,full-stack-application,19,6,,68,1,68
1,1,,1,0,mvc,,0,FullStackProject,,0,,2,0,5
1,1,,,0,mvc,,0,fullstack_web_dev_lab_08,,0,,1,0,3
2,1,,,1,mvc,,1,Full_Stack_TodoWeb-Project-using_SpringBoot,1,1,,2,0,8
1,1,,9,9,mvc,,1,Gestion-Cinemas,2,0,,2,0,24
2,2,,3,0,mvc,,1,gestion-comptes-bancaires-JEE-springmvc-jpa,,1,,2,0,18
3,5,,6,0,mvc,,2,Gestion-des-patients-,3,1,,2,0,23
3,3,,6,4,mvc,,3,Good-Reads-Advanced,3,0,,2,0,17
1,1,,,0,mvc,,0,grade-submission,1,0,,2,0,5
1,1,,4,0,mvc,,0,GraduationProject-Backend,,0,,2,0,13
3,4,,3,0,mvc,,3,Guess_Card_Game,3,1,,2,2,43
1,1,,,0,mvc,,1,Hara-Krishna-Hospital---Doctor-Appointment-System,2,0,,2,0,7
11,11,,14,9,mvc,,12,homeService,111,4,,1,16,111
5,5,,4,0,mvc,,5,hoobank_backend,6,1,,2,0,27
21,3,,3,0,mvc,,3,hospital-app,21,0,,2,0,21
5,4,,8,6,mvc,,3,hotel-integration-api-server,3,1,,2,1,53
9,8,,11,11,mvc,,11,HotelBookingApp,21,1,,2,2,81
2,2,,2,0,mvc,,2,HotelXYZ,2,0,,4,0,14
6,4,,6,1,mvc,,6,Hotel_Booking_App_Backend,10,1,,2,0,55
1,1,,1,1,mvc,,1,HRMS-Employee-Management-Data-Organization-System,2,0,,2,0,7
3,7,,3,3,mvc,,3,ImageHoster_application,4,1,,21,2,21
1,1,,4,0,mvc,,3,InCustomers,5,1,,1,1,17
2,1,,2,0,mvc,,1,Insurance-manegement,2,1,,3,0,15
8,8,,1,5,mvc,,7,Integrative-Software-Engineering,18,1,,40,3,80
11,22,,19,16,mvc,,13,Internet-Services-Architectures-Laboratories,169,0,,23,44,169
1,1,,1,1,mvc,,1,Inventory-Items-backend-API,,2,,2,0,9
1,1,,1,1,mvc,,1,Inventory-Management-System,1,0,,2,0,6
1,1,,1,1,mvc,,1,inventory-managment,1,0,,2,0,6
0,1,,1,1,mvc,,0,InventoryCRUDJava,,0,,2,0,6
12,23,197,4,4,mvc,11,12,isolating-the-domain,17,0,,29,0,197
1,1,,1,0,mvc,,1,Java-Challenge-EmployeeSystem,2,0,,2,0,7
,,,,,mvc,,,java-clean-architecture,,,,,,0
1,1,1,1,1,mvc,,1,java-crud,1,0,,2,0,6
10,15,,13,9,mvc,,9,Java-Spring-boot-result-API,13,1,,1,3,86
1,1,,1,0,mvc,,1,Java-Student-Management-System,2,0,,2,0,7
1,1,,,1,mvc,,1,Job-App,1,0,,2,1,6
1,1,,,1,mvc,,1,job-app-with-spring-data-jpa,1,0,,2,1,6
3,3,,4,4,mvc,,4,Job-Portal,7,2,,2,1,27
1,1,,3,0,mvc,,0,job-portal-spring-boot-mongo,,0,,2,1,7
8,15,,,1,mvc,,0,Jobs-Search-Easy,,1,,13,20,96
8,15,,,1,mvc,,0,JobsMadeEasy,,1,,13,20,96
1,1,,,1,mvc,,1,Job_Application_Portal-Java_SpringBoot_Project,1,0,,8,1,8
1,1,,,1,mvc,,1,JPAandHibernate,1,0,,2,0,9
3,1,,1,1,mvc,,1,learn_springBoot_week2,1,2,,2,0,18
2,2,,2,2,mvc,,2,LiBooksLite,2,0,,2,3,13
5,5,,4,0,mvc,,4,Library-Management-System,8,0,,2,0,24
6,6,,5,1,mvc,,6,Library-System-Management-SpringBoot-Project,12,1,,2,0,39
5,5,,6,6,mvc,,5,LibraryManagement,10,0,,2,0,29
6,6,,9,2,mvc,,10,Lingoder,10,3,,2,4,39
4,4,,3,3,mvc,,4,Loan_system_microservices,21,0,,6,0,21
1,,,,0,mvc,,1,Logica-Empresarial-Java11-Spring-Boot-2.7.11,2,0,,2,0,7
5,5,3,2,2,mvc,,3,ManagerApp,14,2,,4,0,28
4,4,22,14,5,mvc,19,8,meserodigital,16,3,,23,0,73
2,3,1,1,0,mvc,,1,microservices-spring-books-service,17,0,,2,3,17
1,4,,,0,mvc,,0,Model-View-Controller,,0,,2,1,4
1,2,,1,1,mvc,,1,modern-mvc-spring-boot,2,0,,2,0,11
2,2,,1,0,mvc,,1,mongoo-db-exp,2,0,,2,1,11
3,2,,3,0,mvc,,6,MovieAPI_Spring_Boot_Backend_Service,27,2,,3,0,27
1,1,,1,1,mvc,,1,Movies-Director-SpringBoot-Project,1,0,,1,0,7
1,1,,,1,mvc,,1,Music-Playlist-Manager-Web-App,1,1,,2,0,9
1,1,,,2,mvc,,2,MVC-Architecture,2,0,,2,1,7
2,2,,2,2,mvc,,4,MVC-Spring-Boot-,4,0,,2,0,17
1,1,,1,1,mvc,,0,MVCarchitecture,1,1,,2,0,8
5,5,,3,2,mvc,,2,My-blog-app,3,2,,19,2,19
1,1,,,0,mvc,,0,myBank,2,0,,,0,12
1,1,,1,1,mvc,,1,My_Coffee_Shop,2,0,,2,0,7
4,4,,4,2,mvc,,2,nieruchomosci-app,2,2,,1,0,18
2,1,,1,1,mvc,,1,Notepad-API,2,0,,2,0,11
8,8,,,0,mvc,,13,NotesVault,14,3,,1,0,36
12,10,,,0,mvc,,6,Online-Interview-System,14,10,,4,16,102
0,8,,,0,mvc,,0,Online-Pizza-Order,,0,,,0,22
4,4,,4,0,mvc,,5,online-shopping-app,43,9,,12,5,52
0,20,,11,0,mvc,,0,OnlineShop,,0,,,0,73
4,2,,2,0,mvc,,2,OOD-project,2,0,,2,2,16
1,3,,4,0,mvc,,1,OpenClassrooms-Project5,5,0,,2,2,15
5,5,,7,6,mvc,,8,Organization-Management-System,14,0,,2,0,37
3,3,,3,0,mvc,,1,Payroll_Processing_System,3,0,,3,0,21
3,2,,4,0,mvc,,3,person-address-api,8,0,,2,6,28
0,,,,0,mvc,,1,personnel-management-system,1,0,,7,0,8
0,17,,,0,mvc,,0,PET-HUB-Web-Application,,0,,30,0,30
,,,,,mvc,,,PetClinic,,,,,,0
5,69,67,37,4,mvc,,16,planogram-nomenclature,,2,49,,0,211
4,4,,3,3,mvc,,3,POS-system-backend,6,2,,,3,34
1,1,1,1,1,mvc,,1,primera-web-spring-boot,2,0,,2,0,7
0,,,10,0,mvc,,0,PrimeTune,9,0,,1,0,56
4,5,,,4,mvc,,7,ProductManangement,6,2,,2,0,30
1,1,,,1,mvc,,1,product_sb_hb,1,0,,1,2,5
3,3,,2,2,mvc,,2,Product_Service,30,1,,3,0,30
1,1,,,0,mvc,,1,product_spring_boot_backend_mvc,2,0,,2,0,11
2,3,,,3,mvc,,3,Project-Manager-App,4,0,,2,0,19
6,8,,5,0,mvc,,8,project-rest-api,12,2,,3,2,62
2,2,,1,1,mvc,,0,projectBank,,0,,2,0,7
2,2,,,1,mvc,,2,QuizApp,2,0,,2,0,12
4,4,,,0,mvc,,0,rate-limiter,,3,,2,0,36
2,2,,2,2,mvc,,1,Reactive-SPRING_BOOT-MVC_Architecture-Email-Web_Socket-CRUD-Filter-Sort-Search-with-MongoDB,1,1,,2,1,14
3,4,,2,1,mvc,,2,RendezVenue-API,12,1,,2,0,26
1,1,,1,0,mvc,,1,Report-Generation-Project,2,0,,2,4,12
1,1,,1,1,mvc,,1,REST-API,1,1,,2,0,11
2,2,,2,0,mvc,,2,REST-BACKEND-USING-SPRING-MVC,2,0,,2,0,11
4,3,3,3,3,mvc,,4,RestarentOrderManagement,3,0,,2,0,14
2,2,,4,0,mvc,,2,RESTful-API-Services-w-MVC-Architecture,15,1,,2,0,15
3,2,,2,1,mvc,,2,Restful-Web-Services,14,1,,2,0,14
5,6,,6,0,mvc,,12,rg-pet-clinic,22,0,,2,2,47
5,3,,8,7,mvc,,19,RideBookingApp,20,3,,2,2,84
1,1,,1,0,mvc,,1,SB-Todo-application,1,0,,6,0,6
3,3,,2,2,mvc,,5,scaler_e-commerce,6,4,,2,2,32
9,9,,,0,mvc,,10,School-Management-Admin,10,0,,2,0,42
2,2,,2,0,mvc,,4,School-Student-Management-System,2,0,,2,0,16
2,,,2,0,mvc,,2,SchoolSystem,4,0,,1,0,12
4,4,,5,0,mvc,,5,School_Library,5,0,,2,0,24
1,1,,,0,mvc,,0,SCM_CP_1,,0,,2,0,3
1,1,,,1,mvc,,1,Secure-User-Login-Registration-Spring-Boot-JSP-,1,0,,2,0,6
2,3,,2,1,mvc,,2,sentiment-analysis,2,1,,2,1,26
3,3,,3,0,mvc,,3,ShippingSystem,3,0,,2,2,15
3,3,,,5,mvc,,4,ShopSphere,4,4,,2,0,21
1,1,,1,0,mvc,,0,simple-crud,,0,,2,0,5
2,2,,,0,mvc,,0,Simple-SpringBoot-application,,0,,5,0,5
6,5,,4,1,mvc,,3,SkillSwap-,3,2,,2,0,27
10,10,,,16,mvc,,10,SkyBook-Air_Travel_Booking,10,1,,2,3,60
1,1,,,0,mvc,,1,Smart_Research_Assistant_,1,0,,2,0,6
1,1,,1,0,mvc,,1,sms,2,0,,2,0,7
3,3,,3,0,mvc,,1,Software_Engineering_Project,1,1,,2,0,16
8,8,,6,6,mvc,,7,Split-Your-Bills,13,2,,2,2,78
6,7,,1,15,mvc,,9,sportClubUni,19,0,,2,0,99
0,,,,1,mvc,,1,Spring-boot,3,0,,2,0,8
8,8,,6,2,mvc,,2,Spring-Boot-Application,4,1,,40,2,40
1,1,,,1,mvc,,1,Spring-Boot-Bank-Application,2,0,,9,0,9
5,5,,2,2,mvc,,3,spring-boot-crud,5,1,,2,0,18
1,1,,,1,mvc,,1,Spring-Boot-E-Commerce-CRUD-Application,1,0,,6,0,6
1,1,,1,2,mvc,,2,Spring-boot-example,4,0,,,0,14
1,1,,,0,mvc,,2,Spring-boot-Gestion-des-contact,4,0,,2,0,11
1,1,,,0,mvc,,1,spring-boot-mvc,1,0,,2,0,5
3,1,,1,1,mvc,,1,spring-boot-mvc-architecture,1,1,,2,0,15
5,5,,6,0,mvc,,4,Spring-Boot-Projects,4,3,,6,0,37
3,1,,1,1,mvc,,1,spring-boot-rest-api-mvc-architecture,1,1,,2,0,17
2,1,,1,0,mvc,,1,Spring-Boot-REST-API-with-Database-Integration,1,0,,2,0,13
1,1,,,0,mvc,,1,spring-boot-restful-api-app,1,0,,2,0,8
1,1,,,1,mvc,,1,Spring-boot-restFulAPI-Employee-FULL-CRUD-,2,0,,2,0,8
1,1,,1,0,mvc,,1,Spring-boot-spring-mvc-crud,2,0,,2,0,7
3,3,,4,4,mvc,,4,spring-boot-tutorial,17,0,,2,0,18
1,1,,,1,mvc,,1,Spring-boot-user,3,0,,1,0,9
1,1,,,1,mvc,,1,spring-boot-user-demo,3,0,,1,0,8
0,,,,1,mvc,,1,spring-boot-user-demo-project,3,0,,1,0,7
1,1,,1,0,mvc,,0,Spring-Boot-Web,,0,,2,0,6
4,3,,1,1,mvc,,1,Spring-Boot-Web-App,1,0,,2,0,8
3,4,1,7,0,mvc,,0,spring-boot-web-mvc-db,3,1,,2,1,20
1,1,,,1,mvc,,1,Spring-Boot-Web-Project,2,0,,2,1,8
3,1,,1,0,mvc,,1,spring-department-api,1,1,,2,0,19
0,,,,0,mvc,,0,Spring-Framework-Projects,,1,,,1,7
1,1,,1,0,mvc,,1,Spring-Human-Resources,2,0,,2,0,8
1,1,,,0,mvc,,1,spring-mongoAtlas,,0,,2,0,6
4,4,,4,4,mvc,,4,spring-mvc-demo-stillwater,4,0,,2,0,18
3,3,,3,3,mvc,,1,Spring-Practice-MVC,2,0,,2,2,15
3,5,2,,0,mvc,,0,spring-shop-product-system,,0,,1,0,13
1,2,,,0,mvc,,0,Spring-Training,,0,,2,0,6
3,3,,,0,mvc,,0,Spring-Web-MVC---2-,,0,,2,0,6
23,22,28,12,6,mvc,,13,spring1-basics-DI-mvc,32,0,,26,14,131
2,1,,,1,mvc,,2,spring6,1,5,,1,2,20
10,4,23,6,3,mvc,,4,SpringAngularApp,29,3,,1,6,79
3,3,,3,3,mvc,,3,Springboot,3,0,,2,0,14
2,3,2,,3,mvc,,2,SpringBoot-Application,6,0,,21,1,21
5,4,,,0,mvc,,5,SpringBoot-Blog-App-Api,10,0,,2,0,33
1,1,,1,1,mvc,,1,SpringBoot-CRUD-MVC,2,0,,2,0,7
0,,,,0,mvc,,0,springboot-crud-mysql-app,,0,,2,0,2
1,1,,,1,mvc,,1,Springboot-crud-REST-api,1,0,,2,0,6
5,6,,5,0,mvc,,4,springboot-ecomerce-api,5,1,,2,0,31
1,1,,1,0,mvc,,1,SpringBoot-Empleados,2,0,,2,0,7
3,3,,3,2,mvc,,4,springboot-micro-services-project,40,3,,11,0,40
4,4,,,0,mvc,,4,Springboot-Microservices-Quiz-App,35,0,,10,0,35
1,1,,1,0,mvc,,1,SpringBoot-Miniproject,2,1,,2,1,13
3,6,,5,2,mvc,,2,springboot-movies-app,7,0,,2,1,25
3,1,,1,1,mvc,,1,SpringBoot-MVC,1,1,,2,0,15
2,2,,,1,mvc,,1,SpringBoot-MVC-Ecommerce-site-,1,0,,2,0,7
1,1,,1,1,mvc,,1,SpringBoot-MVC-Employee-Management-System,2,0,,2,0,8
1,1,,1,1,mvc,,1,SpringBoot-MVC-Student-Management-System,2,0,,2,0,8
2,1,,1,1,mvc,,1,SpringBoot-MVC-Week2,1,1,,2,0,13
4,4,,,0,mvc,,0,Springboot-MVC-with-Form-Validation,,0,,4,0,12
7,6,,6,0,mvc,,7,SpringBoot-Quiz-Backend,13,2,,2,2,47
1,1,,1,0,mvc,,1,springboot-rest-mvc-Swagger,2,2,,1,0,11
0,,,,1,mvc,,1,Springboot-user-demo,3,0,,1,0,7
3,3,,,0,mvc,,0,springboot-user-management-api,,0,,2,0,6
1,1,,,2,mvc,,1,springbootbegin,1,0,,,1,8
1,1,,,2,mvc,,1,springbootcrash,3,2,,2,0,10
1,1,,1,1,mvc,,1,SpringBootCRUD,1,0,,2,0,6
2,1,,1,1,mvc,,2,SpringBootIntro,1,1,,2,1,7
2,2,,1,1,mvc,,1,SpringBootMVC,1,0,,2,0,9
2,2,,1,0,mvc,,2,SpringBootReactor-MongoDB-EmailService-CRUD,10,0,,2,0,10
4,2,,2,2,mvc,,2,SpringBootW2_2.4-2.10,2,1,,2,0,25
1,1,,,0,mvc,,0,springBootWebApp,,0,,2,0,3
1,1,,,0,mvc,,0,SpringBoot_MVC,,0,,2,0,4
1,1,,1,0,mvc,,2,SpringBoot_MVC_with_Email_Service,8,0,,2,0,8
1,1,,1,1,mvc,,1,Springboot_Rest_API,1,1,,2,0,7
1,1,,,0,mvc,,0,Springboot_Weather_App-ication,,0,,2,0,4
2,2,,,0,mvc,,0,SpringCookie,,0,,2,0,4
1,1,,1,0,mvc,,0,SpringGrades,1,0,,2,0,9
1,1,,1,0,mvc,,1,SpringMVC-Architecture,2,0,,2,2,12
1,2,,,0,mvc,,0,SpringMVC-SpringBootCertification,2,0,,2,0,9
3,3,,1,0,mvc,,2,SpringMVCParadise,2,1,,2,1,14
1,1,,2,1,mvc,,1,Spring_Boot_CourseRegister,1,0,,1,0,7
1,1,,1,1,mvc,,0,Spring_boot_MVC_Architecture,,0,,2,0,8
3,1,,1,1,mvc,,1,Spring_Boot_Web,1,1,,2,0,15
1,1,,1,1,mvc,,1,sring-boot-thymeleaf,2,0,,2,0,7
3,1,,1,1,mvc,,1,Standard_project_2,2,0,,2,0,20
9,8,,11,11,mvc,,11,stayease-hotel-booking,21,1,,2,2,81
2,,,1,0,mvc,,0,StockPriceViewerApplication,15,1,,15,0,15
2,3,,1,1,mvc,,1,Student-Management,2,1,,2,0,10
1,1,,1,0,mvc,,1,Student-Management-App,2,0,,2,0,7
1,1,,1,0,mvc,,1,Student-Management-System,1,0,,,0,4
1,1,,1,0,mvc,,0,StudentData,,0,,,0,4
3,2,,1,0,mvc,,1,StudentManagement,2,1,,2,0,13
1,1,,1,0,mvc,,1,StudentManagementSystem,1,0,,1,0,5
1,1,,1,1,mvc,,1,Student_Management_SpringBoot,1,0,,2,0,6
4,4,,2,2,mvc,,1,Task-Manager,1,0,,2,1,13
6,6,,3,3,mvc,,4,Taskarium,7,1,,2,1,44
1,2,,1,1,mvc,,2,TaskZen-Backend,2,1,,1,0,26
3,6,,,0,mvc,,0,TeachMe,,0,,,0,13
3,3,,1,0,mvc,,2,Technical-Blog,3,0,,1,1,11
3,3,,2,2,mvc,,3,TechnicalBlogApplication,2,1,,15,0,15
3,3,,2,2,mvc,,2,technical_blog_app,2,1,,1,1,13
8,8,,6,6,mvc,,7,The-43rd-Street,7,0,,2,4,34
2,3,,1,0,mvc,,1,TicketBookingApplication,2,0,,14,0,14
7,7,,5,5,mvc,,9,TinyHouse,9,2,,2,2,32
1,2,,1,1,mvc,,1,todo-app-spring-boot-rest-api-with-thymleaf-front-end-monolithic-architecture-beginner-level-mvc-app,3,0,,2,0,11
1,1,,1,0,mvc,,1,Todo-List,1,0,,2,0,6
1,1,,3,0,mvc,,2,todo-management,3,1,,2,0,16
0,,,,0,mvc,,0,Todo-Springboot,,0,,2,0,2
4,4,,,0,mvc,,2,ToDo-WebApp,2,1,,2,0,12
3,2,,1,1,mvc,,1,ToDoList---Java_SpringBoot,1,0,,2,0,7
3,3,,1,1,mvc,,1,ToDoProject,1,1,,2,0,9
6,5,,2,1,mvc,,2,TodoRails,2,1,,2,0,15
1,1,,1,0,mvc,,1,Todo_Application,1,0,,6,0,6
0,,,,0,mvc,,0,Todo_App_using-Springboot,,0,,1,0,1
5,5,,5,1,mvc,,3,track-expenses,6,0,,10,0,39
7,12,,6,6,mvc,,8,TrainingProject-MVCArchitecturePattern,7,2,,2,2,39
2,1,,5,5,mvc,,0,TravelBlog,,0,,1,1,14
6,6,,8,0,mvc,,4,travelbnb,4,2,,2,1,33
2,2,,3,0,mvc,,2,trello-clone,4,0,,2,0,14
2,2,,3,0,mvc,,2,Trello-Clone-Project,4,0,,2,0,14
13,8,,9,8,mvc,,9,Trilo-Backend,117,2,,16,8,117
2,2,,2,2,mvc,,0,TutorialCommentMVC,,0,,2,0,8
1,2,,2,0,mvc,,1,unittest,2,0,,2,0,11
0,,,,0,mvc,,0,university-attendance-management-system,,0,,2,0,2
5,5,,5,1,mvc,,6,UniversityWebService,26,0,,2,0,26
5,2,,1,1,mvc,,2,UserManagementSystemUsingRestAPI,2,1,,2,1,17
0,,,,0,mvc,,1,Vaadin_project_version1,1,0,,6,0,7
0,,,,0,mvc,,1,Vaadin_project_version2,1,0,,6,0,7
9,9,17,10,9,mvc,,11,Valley-eCommerce-prototype,22,1,,1,33,110
4,4,,,1,mvc,,4,VRL-Shopping,8,1,,2,0,46
2,3,1,1,0,mvc,,2,watchlist,3,2,,2,0,20
1,1,,1,1,mvc,,1,watchList-ThisIsFazal,1,0,,2,0,7
1,1,,1,1,mvc,,2,WatchVault,2,0,,1,0,10
1,1,,5,1,mvc,,0,web-application-with-Spring-Boot-3,,0,,20,3,20
1,1,,1,1,mvc,,1,whatsapp-backend,1,0,,1,0,9
2,2,,1,0,mvc,,1,Women-Security-and-Empowerment-Web-Project,1,0,,2,2,9
2,2,,2,0,mvc,,2,work-parking_reservations,4,0,,2,0,16
1,1,,,1,mvc,,1,Working-with-Spring-boot,1,0,,,0,5
